network_id,n_controls,total_Q,method,converged,stop_reason,iters_to_converge,runtime_to_converge_s,avg_regret_at_converge,total_iters,total_runtime_s,converged_minmax_value,final_opt_gap,v_opt,epsilon,samples,final_ell,final_indices
0,7,26,1,True,regret,153,0.137219,0.00099724,153,0.137219,0.00509859,0.00000000,0.00509859,0.001,,"{""get_credentials"": 0.341805, ""find_LAN_access_port"": 0.002398, ""spoof_MAC_address"": 0.002094, ""find_WLAN"": 0.001471, ""break_WPA_keys"": 0.006094, ""exploit_software_vulnerability"": 0.279225, ""run_malicous_script"": 0.366914}","{""get_credentials"": [0.005122, 0.00437, 0.003408, 0.002317, 0.001457], ""find_LAN_access_port"": [0.031768, 0.031626, 0.031254], ""spoof_MAC_address"": [0.032265, 0.032216, 0.032131, 0.031966], ""find_WLAN"": [0.030711, 0.030589, 0.030308], ""break_WPA_keys"": [0.031155, 0.030673, 0.029639, 0.027807], ""exploit_software_vulnerability"": [0.032634, 0.028837, 0.023529, 0.016289], ""run_malicous_script"": [0.13765, 0.115919, 0.08199]}"
0,7,26,2,True,regret,140,0.806537,0.00099903,140,0.806537,0.00505489,-0.00004370,0.00509859,0.001,100,"{""get_credentials"": 0.344035, ""find_LAN_access_port"": 0.003003, ""spoof_MAC_address"": 0.002296, ""find_WLAN"": 0.003926, ""break_WPA_keys"": 0.001969, ""exploit_software_vulnerability"": 0.278751, ""run_malicous_script"": 0.366021}","{""get_credentials"": [0.005078, 0.004331, 0.003376, 0.002294, 0.001443], ""find_LAN_access_port"": [0.031831, 0.031653, 0.03119], ""spoof_MAC_address"": [0.032454, 0.0324, 0.032307, 0.032126], ""find_WLAN"": [0.031381, 0.03109, 0.030407], ""break_WPA_keys"": [0.032371, 0.032204, 0.031834, 0.03113], ""exploit_software_vulnerability"": [0.032862, 0.029041, 0.023698, 0.016409], ""run_malicous_script"": [0.138282, 0.116465, 0.082391]}"
1,8,29,1,True,regret,1636,1.652588,0.00099974,1636,1.652588,0.00645532,0.00000000,0.00645532,0.001,,"{""BribeProgrammer"": 0.000539, ""ProgrammerObtainsTheCode"": 0.000306, ""HireRobberA"": 0.000407, ""BugInComputerSystem"": 0.000239, ""ExploitBug"": 0.000277, ""HireRobberB"": 0.000101, ""RobberBreaksIntoSystem"": 0.000115, ""UseCodeInProduct"": 0.998015}","{""BribeProgrammer"": [0.006436, 0.006433, 0.006426, 0.006412], ""ProgrammerObtainsTheCode"": [0.006456, 0.006455, 0.006452, 0.006447], ""HireRobberA"": [0.006431, 0.006428, 0.006421], ""BugInComputerSystem"": [0.006448, 0.006446, 0.006443, 0.006438], ""ExploitBug"": [0.006457, 0.006455, 0.006451], ""HireRobberB"": [0.006458, 0.006457, 0.006455], ""RobberBreaksIntoSystem"": [0.006462, 0.006461, 0.006457], ""UseCodeInProduct"": [0.006467, 0.006061, 0.005384, 0.004366, 0.002869]}"
1,8,29,2,True,regret,1606,6.787005,0.00099987,1606,6.787005,0.00647725,0.00002192,0.00645532,0.001,100,"{""BribeProgrammer"": 0.000324, ""ProgrammerObtainsTheCode"": 0.000304, ""HireRobberA"": 9.2e-05, ""BugInComputerSystem"": 7.8e-05, ""ExploitBug"": 8.4e-05, ""HireRobberB"": 0.000407, ""RobberBreaksIntoSystem"": 0.001354, ""UseCodeInProduct"": 0.997356}","{""BribeProgrammer"": [0.006465, 0.006463, 0.006459, 0.006451], ""ProgrammerObtainsTheCode"": [0.006478, 0.006476, 0.006474, 0.006468], ""HireRobberA"": [0.006479, 0.006478, 0.006476], ""BugInComputerSystem"": [0.006482, 0.006482, 0.006481, 0.006479], ""ExploitBug"": [0.006485, 0.006485, 0.006483], ""HireRobberB"": [0.006412, 0.006409, 0.006402], ""RobberBreaksIntoSystem"": [0.006432, 0.006415, 0.006371], ""UseCodeInProduct"": [0.006488, 0.006081, 0.005402, 0.00438, 0.002879]}"
2,11,43,1,True,plateau,121500,320.525801,0.00263219,121500,320.525801,0.52004362,0.00000000,0.52004362,0.001,,"{""BreakIntoComputerCentre"": 0.09873, ""Unattended Guest"": 0.118972, ""CorruptSysAdmin"": 0.124922, ""ObtainPasswordFileA"": 0.105097, ""EncounterGuessablePasswordA"": 0.000165, ""LookOverSysAdminShoulderA"": 0.114866, ""TrojanHorseSAAccountA"": 0.108557, ""ObtainPasswordFileB"": 0.105101, ""EncounterGuessablePasswordB"": 0.000158, ""LookOverSysAdminShoulderB"": 0.114876, ""TrojanHorseSAAccountB"": 0.108555}","{""BreakIntoComputerCentre"": [0.519466, 0.453655, 0.360617], ""Unattended Guest"": [0.519855, 0.486486, 0.428738], ""CorruptSysAdmin"": [0.52005, 0.4949, 0.456959], ""ObtainPasswordFileA"": [0.51948, 0.463817, 0.393537, 0.302013], ""EncounterGuessablePasswordA"": [0.999095, 0.998984, 0.99879, 0.998418, 0.997778], ""LookOverSysAdminShoulderA"": [0.519821, 0.477811, 0.414799, 0.328736], ""TrojanHorseSAAccountA"": [0.519726, 0.470315, 0.399737, 0.30074], ""ObtainPasswordFileB"": [0.519489, 0.463824, 0.393542, 0.302015], ""EncounterGuessablePasswordB"": [0.999133, 0.999026, 0.99884, 0.998484, 0.99787], ""LookOverSysAdminShoulderB"": [0.519792, 0.477783, 0.414771, 0.328711], ""TrojanHorseSAAccountB"": [0.519731, 0.47032, 0.399742, 0.300744]}"
2,11,43,2,True,plateau,81500,239.608650,0.00320578,81500,239.608650,0.51997854,-0.00006508,0.52004362,0.001,100,"{""BreakIntoComputerCentre"": 0.098697, ""Unattended Guest"": 0.118958, ""CorruptSysAdmin"": 0.124948, ""ObtainPasswordFileA"": 0.105164, ""EncounterGuessablePasswordA"": 0.000113, ""LookOverSysAdminShoulderA"": 0.114855, ""TrojanHorseSAAccountA"": 0.108568, ""ObtainPasswordFileB"": 0.105154, ""EncounterGuessablePasswordB"": 0.000117, ""LookOverSysAdminShoulderB"": 0.114862, ""TrojanHorseSAAccountB"": 0.108564}","{""BreakIntoComputerCentre"": [0.519571, 0.45376, 0.360715], ""Unattended Guest"": [0.519894, 0.486525, 0.428777], ""CorruptSysAdmin"": [0.519981, 0.494831, 0.456891], ""ObtainPasswordFileA"": [0.519427, 0.463748, 0.393456, 0.301928], ""EncounterGuessablePasswordA"": [0.99938, 0.999303, 0.99917, 0.998915, 0.998476], ""LookOverSysAdminShoulderA"": [0.519853, 0.477844, 0.414831, 0.328765], ""TrojanHorseSAAccountA"": [0.519693, 0.470282, 0.399705, 0.300712], ""ObtainPasswordFileB"": [0.519445, 0.463768, 0.393476, 0.301946], ""EncounterGuessablePasswordB"": [0.999358, 0.999279, 0.999141, 0.998877, 0.998423], ""LookOverSysAdminShoulderB"": [0.519832, 0.477822, 0.41481, 0.328746], ""TrojanHorseSAAccountB"": [0.519705, 0.470294, 0.399717, 0.300722]}"
3,11,11,1,True,regret,1,0.000660,0.00024598,1,0.000660,0.00006625,0.00000000,0.00006625,0.001,,"{""Impersonation"": 0.090909, ""User_login"": 0.090909, ""Password_attack"": 0.090909, ""Unauthorized_login"": 0.090909, ""Packet_spoofing"": 0.090909, ""Sync_flood"": 0.090909, ""SQL_injection"": 0.090909, ""Insert_malicious_scripts"": 0.090909, ""Capture_packets"": 0.090909, ""Analyze_packets"": 0.090909, ""Modify_sensitive_data"": 0.090909}","{""Impersonation"": [0.0], ""User_login"": [0.000108], ""Password_attack"": [0.000105], ""Unauthorized_login"": [0.000105], ""Packet_spoofing"": [0.011679], ""Sync_flood"": [0.011679], ""SQL_injection"": [2e-05], ""Insert_malicious_scripts"": [0.013711], ""Capture_packets"": [0.0], ""Analyze_packets"": [1.4e-05], ""Modify_sensitive_data"": [0.00457]}"
3,11,11,2,True,regret,1,0.006212,0.00000000,1,0.006212,0.00006625,0.00000000,0.00006625,0.001,100,"{""Impersonation"": 0.090909, ""User_login"": 0.090909, ""Password_attack"": 0.090909, ""Unauthorized_login"": 0.090909, ""Packet_spoofing"": 0.090909, ""Sync_flood"": 0.090909, ""SQL_injection"": 0.090909, ""Insert_malicious_scripts"": 0.090909, ""Capture_packets"": 0.090909, ""Analyze_packets"": 0.090909, ""Modify_sensitive_data"": 0.090909}","{""Impersonation"": [0.0], ""User_login"": [0.000108], ""Password_attack"": [0.000105], ""Unauthorized_login"": [0.000105], ""Packet_spoofing"": [0.011679], ""Sync_flood"": [0.011679], ""SQL_injection"": [2e-05], ""Insert_malicious_scripts"": [0.013711], ""Capture_packets"": [0.0], ""Analyze_packets"": [1.4e-05], ""Modify_sensitive_data"": [0.00457]}"
4,12,37,1,True,plateau,330000,960.822052,0.00156720,330000,960.822052,0.20244688,0.00000000,0.20244688,0.001,,"{""Guessing"": 0.16311, ""Dictionary"": 0.280899, ""Bruteforce"": 0.087934, ""GenericReconnaissanceA"": 0.173838, ""EmailTrapExecution"": 0.034018, ""PhoneTrapExecution"": 0.029509, ""GenericReconnaissanceB"": 0.00211, ""PayloadCrafting"": 0.007118, ""EmailFileExecution"": 0.008674, ""PhysicalReconnaissance"": 0.00407, ""KeyloggerLocalInstallation"": 0.010539, ""PasswordIntercept"": 0.19818}","{""Guessing"": [0.202477, 0.124963, 0.066646, 0.030759], ""Dictionary"": [0.202415, 0.167864, 0.135079], ""Bruteforce"": [0.202255, 0.126543, 0.067545, 0.034953, 0.017787], ""GenericReconnaissanceA"": [0.201844, 0.185673, 0.161134], ""EmailTrapExecution"": [0.609994, 0.478315, 0.301416], ""PhoneTrapExecution"": [0.61127, 0.449851], ""GenericReconnaissanceB"": [0.200733, 0.200123, 0.199171], ""PayloadCrafting"": [0.205789, 0.200203, 0.189767], ""EmailFileExecution"": [0.224534, 0.216973, 0.200646], ""PhysicalReconnaissance"": [0.201366, 0.198579, 0.193206], ""KeyloggerLocalInstallation"": [0.214802, 0.201503, 0.180447], ""PasswordIntercept"": [0.245135, 0.183251]}"
4,12,37,2,True,plateau,320500,2629.676997,0.00158432,320500,2629.676997,0.20243108,-0.00001580,0.20244688,0.001,100,"{""Guessing"": 0.163122, ""Dictionary"": 0.280914, ""Bruteforce"": 0.087917, ""GenericReconnaissanceA"": 0.173804, ""EmailTrapExecution"": 0.034015, ""PhoneTrapExecution"": 0.029517, ""GenericReconnaissanceB"": 0.00209, ""PayloadCrafting"": 0.007103, ""EmailFileExecution"": 0.00862, ""PhysicalReconnaissance"": 0.00407, ""KeyloggerLocalInstallation"": 0.010485, ""PasswordIntercept"": 0.198341}","{""Guessing"": [0.20246, 0.124952, 0.066639, 0.030756], ""Dictionary"": [0.202399, 0.16785, 0.135068], ""Bruteforce"": [0.202293, 0.126569, 0.06756, 0.034961, 0.017792], ""GenericReconnaissanceA"": [0.201875, 0.185703, 0.161162], ""EmailTrapExecution"": [0.61002, 0.478342, 0.301438], ""PhoneTrapExecution"": [0.611202, 0.44978], ""GenericReconnaissanceB"": [0.200734, 0.200126, 0.199182], ""PayloadCrafting"": [0.205745, 0.200176, 0.18976], ""EmailFileExecution"": [0.224439, 0.216925, 0.200688], ""PhysicalReconnaissance"": [0.201316, 0.198529, 0.193156], ""KeyloggerLocalInstallation"": [0.214737, 0.201502, 0.180502], ""PasswordIntercept"": [0.244898, 0.183059]}"
5,18,18,1,True,regret,107,0.186336,0.00098517,107,0.186336,0.00191803,0.00000000,0.00191803,0.001,,"{""10"": 0.147613, ""11"": 0.002508, ""12"": 0.001207, ""13"": 0.034146, ""14"": 0.033289, ""15"": 0.033165, ""16"": 0.031618, ""17"": 0.032255, ""18"": 0.031847, ""19"": 0.031615, ""20"": 0.03144, ""3"": 0.234995, ""21"": 0.110314, ""22"": 0.000887, ""23"": 0.109551, ""24"": 0.00108, ""25"": 0.066865, ""26"": 0.065607}","{""10"": [0.001923], ""11"": [0.552572], ""12"": [0.955179], ""13"": [0.001448], ""14"": [0.001489], ""15"": [0.001495], ""16"": [0.001574], ""17"": [0.00154], ""18"": [0.001562], ""19"": [0.001574], ""20"": [0.001584], ""3"": [0.001922], ""21"": [0.001939], ""22"": [0.895073], ""23"": [0.001954], ""24"": [0.874966], ""25"": [0.00181], ""26"": [0.001851]}"
5,18,18,2,True,regret,294,12.338719,0.00099620,294,12.338719,0.00193911,0.00002109,0.00191803,0.001,100,"{""10"": 0.151646, ""11"": 0.007926, ""12"": 0.002267, ""13"": 0.034062, ""14"": 0.032776, ""15"": 0.032441, ""16"": 0.031768, ""17"": 0.032671, ""18"": 0.030875, ""19"": 0.031292, ""20"": 0.030682, ""3"": 0.231399, ""21"": 0.109385, ""22"": 0.000189, ""23"": 0.109516, ""24"": 0.000189, ""25"": 0.065554, ""26"": 0.065363}","{""10"": [0.001787], ""11"": [0.282058], ""12"": [0.918793], ""13"": [0.001452], ""14"": [0.001514], ""15"": [0.001531], ""16"": [0.001566], ""17"": [0.001519], ""18"": [0.001615], ""19"": [0.001592], ""20"": [0.001626], ""3"": [0.001973], ""21"": [0.001967], ""22"": [0.975666], ""23"": [0.001964], ""24"": [0.975666], ""25"": [0.001853], ""26"": [0.001859]}"
6,45,45,1,True,plateau,237000,3020.685395,0.00120711,237000,3020.685395,0.27815546,0.00000000,0.27815546,0.001,,"{""X1"": 0.012006, ""X2"": 0.019691, ""X3"": 0.036927, ""X4"": 0.017784, ""X5"": 0.011767, ""X6"": 0.036727, ""X7"": 0.034954, ""X8"": 0.037736, ""X9"": 0.017405, ""X10"": 0.014559, ""X11"": 0.01518, ""X12"": 0.015542, ""X13"": 0.02179, ""X14"": 0.020914, ""X15"": 0.022777, ""X16"": 0.017839, ""X17"": 0.019482, ""X18"": 0.021835, ""X19"": 0.020912, ""X20"": 0.014662, ""X21"": 0.020116, ""X22"": 0.022421, ""X23"": 0.019817, ""X24"": 0.012578, ""X25"": 0.030515, ""X26"": 0.032233, ""X27"": 0.014662, ""X28"": 0.028979, ""X29"": 0.03446, ""X30"": 0.011769, ""X31"": 0.034739, ""X32"": 0.036638, ""X33"": 0.032948, ""X34"": 0.017147, ""X35"": 0.033596, ""X36"": 0.018448, ""X37"": 0.01466, ""X38"": 0.029424, ""X44"": 0.015747, ""X45"": 0.016673, ""X39"": 0.017147, ""X40"": 0.015538, ""X41"": 0.021943, ""X42"": 0.017836, ""X43"": 0.019478}","{""X1"": [0.27655], ""X2"": [0.277752], ""X3"": [0.278416], ""X4"": [0.277577], ""X5"": [0.276593], ""X6"": [0.278425], ""X7"": [0.278404], ""X8"": [0.278435], ""X9"": [0.27754], ""X10"": [0.277008], ""X11"": [0.277128], ""X12"": [0.277194], ""X13"": [0.277909], ""X14"": [0.27784], ""X15"": [0.277975], ""X16"": [0.277547], ""X17"": [0.277727], ""X18"": [0.277923], ""X19"": [0.277855], ""X20"": [0.277057], ""X21"": [0.277792], ""X22"": [0.277963], ""X23"": [0.277765], ""X24"": [0.276686], ""X25"": [0.278295], ""X26"": [0.278338], ""X27"": [0.27706], ""X28"": [0.278254], ""X29"": [0.278384], ""X30"": [0.276562], ""X31"": [0.278389], ""X32"": [0.278415], ""X33"": [0.27836], ""X34"": [0.277482], ""X35"": [0.278373], ""X36"": [0.277645], ""X37"": [0.27708], ""X38"": [0.278274], ""X44"": [0.277282], ""X45"": [0.277433], ""X39"": [0.277493], ""X40"": [0.277244], ""X41"": [0.277958], ""X42"": [0.277583], ""X43"": [0.277761]}"
6,45,45,2,True,plateau,231500,65861.550322,0.00122294,231500,65861.550322,0.27814532,-0.00001013,0.27815546,0.001,100,"{""X1"": 0.012001, ""X2"": 0.019692, ""X3"": 0.036928, ""X4"": 0.017786, ""X5"": 0.011768, ""X6"": 0.036729, ""X7"": 0.034957, ""X8"": 0.037739, ""X9"": 0.017409, ""X10"": 0.014552, ""X11"": 0.015175, ""X12"": 0.015537, ""X13"": 0.021788, ""X14"": 0.020912, ""X15"": 0.022776, ""X16"": 0.017838, ""X17"": 0.019482, ""X18"": 0.021835, ""X19"": 0.020912, ""X20"": 0.014658, ""X21"": 0.020116, ""X22"": 0.022421, ""X23"": 0.019818, ""X24"": 0.012574, ""X25"": 0.030515, ""X26"": 0.032233, ""X27"": 0.014657, ""X28"": 0.028979, ""X29"": 0.034461, ""X30"": 0.011767, ""X31"": 0.034739, ""X32"": 0.036639, ""X33"": 0.032949, ""X34"": 0.017148, ""X35"": 0.033598, ""X36"": 0.01845, ""X37"": 0.014658, ""X38"": 0.029426, ""X44"": 0.015748, ""X45"": 0.016675, ""X39"": 0.017149, ""X40"": 0.015538, ""X41"": 0.021946, ""X42"": 0.017838, ""X43"": 0.019482}","{""X1"": [0.276639], ""X2"": [0.277746], ""X3"": [0.278412], ""X4"": [0.277545], ""X5"": [0.276571], ""X6"": [0.278411], ""X7"": [0.278385], ""X8"": [0.278419], ""X9"": [0.277493], ""X10"": [0.277096], ""X11"": [0.277198], ""X12"": [0.277254], ""X13"": [0.277924], ""X14"": [0.277856], ""X15"": [0.277986], ""X16"": [0.277553], ""X17"": [0.277728], ""X18"": [0.277917], ""X19"": [0.277853], ""X20"": [0.277115], ""X21"": [0.277789], ""X22"": [0.277963], ""X23"": [0.277763], ""X24"": [0.276752], ""X25"": [0.278295], ""X26"": [0.278339], ""X27"": [0.277122], ""X28"": [0.278251], ""X29"": [0.278378], ""X30"": [0.276587], ""X31"": [0.278384], ""X32"": [0.278411], ""X33"": [0.278354], ""X34"": [0.277473], ""X35"": [0.278362], ""X36"": [0.277622], ""X37"": [0.277113], ""X38"": [0.278263], ""X44"": [0.277275], ""X45"": [0.277404], ""X39"": [0.277466], ""X40"": [0.277242], ""X41"": [0.277928], ""X42"": [0.277555], ""X43"": [0.277726]}"
7,25,25,1,True,regret,5,0.011973,0.00094899,5,0.011973,0.00031179,0.00000000,0.00031179,0.001,,"{""Signal_and_communication"": 0.017117, ""Frogs__switches_and_track_appliances"": 0.047113, ""Other_way_and_structure"": 0.01775, ""Rail__joint_bar_and_rail_anchoring"": 0.135178, ""Roadbed"": 0.043118, ""Track_geometry"": 0.092348, ""Brakes__use_of"": 0.016217, ""General_switching_rules"": 0.03542, ""Loading_procedures"": 0.016072, ""Miscellaneous"": 0.033333, ""Speed"": 0.020176, ""Switches__use_of"": 0.02949, ""Train_handling/train_makeup"": 0.074836, ""Axles_and_journal_bearings"": 0.053857, ""Body"": 0.042907, ""Brakes"": 0.054016, ""Coupler_and_draft_system"": 0.027062, ""General_mechanical_and_electrical_failures"": 0.016144, ""Locomotive"": 0.029099, ""Truck_component"": 0.027274, ""Wheels"": 0.039831, ""Environmental_conditions"": 0.032391, ""Loading_procedures_misc"": 0.043327, ""Other_miscellaneous"": 0.021409, ""Unusual_operating_situations"": 0.034514}","{""Signal_and_communication"": [0.000112], ""Frogs__switches_and_track_appliances"": [0.000151], ""Other_way_and_structure"": [0.000108], ""Rail__joint_bar_and_rail_anchoring"": [0.000207], ""Roadbed"": [0.000249], ""Track_geometry"": [0.000239], ""Brakes__use_of"": [1.2e-05], ""General_switching_rules"": [0.000155], ""Loading_procedures"": [1.2e-05], ""Miscellaneous"": [0.000165], ""Speed"": [0.000188], ""Switches__use_of"": [0.000252], ""Train_handling/train_makeup"": [0.000264], ""Axles_and_journal_bearings"": [0.000291], ""Body"": [4.2e-05], ""Brakes"": [0.000193], ""Coupler_and_draft_system"": [6.9e-05], ""General_mechanical_and_electrical_failures"": [1.2e-05], ""Locomotive"": [0.000447], ""Truck_component"": [0.000274], ""Wheels"": [0.000363], ""Environmental_conditions"": [0.000398], ""Loading_procedures_misc"": [0.000165], ""Other_miscellaneous"": [0.000177], ""Unusual_operating_situations"": [0.000265]}"
7,25,25,2,True,regret,1,0.116366,0.00000000,1,0.116366,0.00047842,0.00016663,0.00031179,0.001,100,"{""Signal_and_communication"": 0.04, ""Frogs__switches_and_track_appliances"": 0.04, ""Other_way_and_structure"": 0.04, ""Rail__joint_bar_and_rail_anchoring"": 0.04, ""Roadbed"": 0.04, ""Track_geometry"": 0.04, ""Brakes__use_of"": 0.04, ""General_switching_rules"": 0.04, ""Loading_procedures"": 0.04, ""Miscellaneous"": 0.04, ""Speed"": 0.04, ""Switches__use_of"": 0.04, ""Train_handling/train_makeup"": 0.04, ""Axles_and_journal_bearings"": 0.04, ""Body"": 0.04, ""Brakes"": 0.04, ""Coupler_and_draft_system"": 0.04, ""General_mechanical_and_electrical_failures"": 0.04, ""Locomotive"": 0.04, ""Truck_component"": 0.04, ""Wheels"": 0.04, ""Environmental_conditions"": 0.04, ""Loading_procedures_misc"": 0.04, ""Other_miscellaneous"": 0.04, ""Unusual_operating_situations"": 0.04}","{""Signal_and_communication"": [4.5e-05], ""Frogs__switches_and_track_appliances"": [0.000181], ""Other_way_and_structure"": [4.5e-05], ""Rail__joint_bar_and_rail_anchoring"": [0.000903], ""Roadbed"": [0.000271], ""Track_geometry"": [0.000632], ""Brakes__use_of"": [5e-06], ""General_switching_rules"": [0.000135], ""Loading_procedures"": [5e-06], ""Miscellaneous"": [0.000135], ""Speed"": [9e-05], ""Switches__use_of"": [0.000181], ""Train_handling/train_makeup"": [0.000542], ""Axles_and_journal_bearings"": [0.000406], ""Body"": [4.5e-05], ""Brakes"": [0.000271], ""Coupler_and_draft_system"": [4.5e-05], ""General_mechanical_and_electrical_failures"": [5e-06], ""Locomotive"": [0.000316], ""Truck_component"": [0.000181], ""Wheels"": [0.000361], ""Environmental_conditions"": [0.000316], ""Loading_procedures_misc"": [0.000181], ""Other_miscellaneous"": [9e-05], ""Unusual_operating_situations"": [0.000226]}"
8,9,9,1,True,regret,38,0.015857,0.00094547,38,0.015857,0.00119132,0.00000000,0.00119132,0.001,,"{""Truck_componenets"": 0.062024, ""Brakes__use_of"": 0.135882, ""Flagging__fixed__hand_and_radio_signals"": 0.101134, ""General_switching_rules"": 0.0624, ""Main-track_authority"": 0.158389, ""Miscellaneous"": 0.097284, ""Speed"": 0.257959, ""Train_handling/train_makeup"": 0.061884, ""Unusual_operating_situations"": 0.063043}","{""Truck_componenets"": [0.001017], ""Brakes__use_of"": [0.00113], ""Flagging__fixed__hand_and_radio_signals"": [0.001123], ""General_switching_rules"": [0.001009], ""Main-track_authority"": [0.001241], ""Miscellaneous"": [0.00118], ""Speed"": [0.001139], ""Train_handling/train_makeup"": [0.001019], ""Unusual_operating_situations"": [0.000998]}"
8,9,9,2,True,regret,205,1.515791,0.00099929,205,1.515791,0.00121630,0.00002498,0.00119132,0.001,100,"{""Truck_componenets"": 0.062901, ""Brakes__use_of"": 0.134822, ""Flagging__fixed__hand_and_radio_signals"": 0.118251, ""General_switching_rules"": 0.056529, ""Main-track_authority"": 0.162569, ""Miscellaneous"": 0.093976, ""Speed"": 0.245526, ""Train_handling/train_makeup"": 0.060953, ""Unusual_operating_situations"": 0.064473}","{""Truck_componenets"": [0.001], ""Brakes__use_of"": [0.001142], ""Flagging__fixed__hand_and_radio_signals"": [0.000917], ""General_switching_rules"": [0.001131], ""Main-track_authority"": [0.001194], ""Miscellaneous"": [0.001232], ""Speed"": [0.001242], ""Train_handling/train_makeup"": [0.001037], ""Unusual_operating_situations"": [0.000972]}"
9,27,27,1,True,regret,91,0.161673,0.00098429,91,0.161673,0.00204389,0.00000000,0.00204389,0.001,,"{""B1"": 0.012324, ""B2"": 0.011867, ""B4"": 0.152752, ""B5"": 0.01159, ""B10"": 0.010383, ""B7"": 0.009492, ""B8"": 0.009113, ""B3"": 0.009241, ""B9"": 0.000407, ""B16"": 0.000407, ""B17"": 0.000407, ""B18"": 0.000407, ""B19"": 0.000407, ""B26"": 0.000407, ""B27"": 0.000407, ""B14"": 0.000407, ""B15"": 0.000407, ""B11"": 0.000407, ""B12"": 0.000407, ""B13"": 0.000407, ""B6"": 0.011533, ""B25"": 0.050214, ""B21"": 0.009974, ""B22"": 0.141944, ""B23"": 0.17067, ""B20"": 0.169293, ""B24"": 0.214725}","{""B1"": [0.000472], ""B2"": [0.000491], ""B4"": [0.002055], ""B5"": [0.000503], ""B10"": [0.000188], ""B7"": [9.8e-05], ""B8"": [3.4e-05], ""B3"": [4.5e-05], ""B9"": [0.82389], ""B16"": [0.607279], ""B17"": [0.926051], ""B18"": [0.672342], ""B19"": [0.575351], ""B26"": [0.346479], ""B27"": [0.274307], ""B14"": [0.613977], ""B15"": [0.656889], ""B11"": [0.000491], ""B12"": [0.000491], ""B13"": [0.000491], ""B6"": [0.000505], ""B25"": [0.001784], ""B21"": [0.000196], ""B22"": [0.002076], ""B23"": [0.002044], ""B20"": [0.002061], ""B24"": [0.002021]}"
9,27,27,2,True,regret,328,14.903426,0.00098996,328,14.903426,0.00202884,-0.00001505,0.00204389,0.001,100,"{""B1"": 0.008937, ""B2"": 0.008937, ""B4"": 0.154608, ""B5"": 0.011966, ""B10"": 0.007834, ""B7"": 0.011046, ""B8"": 0.010149, ""B3"": 0.011303, ""B9"": 0.000113, ""B16"": 0.000113, ""B17"": 0.000113, ""B18"": 0.000113, ""B19"": 0.000113, ""B26"": 0.000113, ""B27"": 0.000113, ""B14"": 0.000113, ""B15"": 0.000113, ""B11"": 0.000113, ""B12"": 0.000113, ""B13"": 0.000113, ""B6"": 0.012015, ""B25"": 0.050761, ""B21"": 0.008472, ""B22"": 0.143614, ""B23"": 0.170855, ""B20"": 0.169274, ""B24"": 0.218874}","{""B1"": [0.000656], ""B2"": [0.000656], ""B4"": [0.002019], ""B5"": [0.000486], ""B10"": [0.00025], ""B7"": [8.4e-05], ""B8"": [3.1e-05], ""B3"": [3.6e-05], ""B9"": [0.944055], ""B16"": [0.847971], ""B17"": [0.978341], ""B18"": [0.880974], ""B19"": [0.830138], ""B26"": [0.656635], ""B27"": [0.576888], ""B14"": [0.851567], ""B15"": [0.873509], ""B11"": [0.001768], ""B12"": [0.001768], ""B13"": [0.001768], ""B6"": [0.000484], ""B25"": [0.001762], ""B21"": [0.000231], ""B22"": [0.002043], ""B23"": [0.002041], ""B20"": [0.002062], ""B24"": [0.001959]}"
10,6,6,1,True,regret,1,0.000219,0.00000063,1,0.000219,0.00000019,0.00000000,0.00000019,0.001,,"{""ContaminationTapeFails"": 0.166667, ""CommonCauseSealFailureBE"": 0.166667, ""Metal-To-MetalSealFails"": 0.166667, ""CompressionSeal1Fails"": 0.166667, ""CompressionSeal2Fails"": 0.166667, ""FusedPlugFails"": 0.166667}","{""ContaminationTapeFails"": [0.0], ""CommonCauseSealFailureBE"": [8e-06], ""Metal-To-MetalSealFails"": [0.0], ""CompressionSeal1Fails"": [0.0], ""CompressionSeal2Fails"": [0.0], ""FusedPlugFails"": [0.000768]}"
10,6,6,2,True,regret,1,0.000890,0.00000000,1,0.000890,0.00000019,0.00000000,0.00000019,0.001,100,"{""ContaminationTapeFails"": 0.166667, ""CommonCauseSealFailureBE"": 0.166667, ""Metal-To-MetalSealFails"": 0.166667, ""CompressionSeal1Fails"": 0.166667, ""CompressionSeal2Fails"": 0.166667, ""FusedPlugFails"": 0.166667}","{""ContaminationTapeFails"": [0.0], ""CommonCauseSealFailureBE"": [8e-06], ""Metal-To-MetalSealFails"": [0.0], ""CompressionSeal1Fails"": [0.0], ""CompressionSeal2Fails"": [0.0], ""FusedPlugFails"": [0.000768]}"
11,21,21,1,True,regret,30,0.033019,0.00099003,30,0.033019,0.00141834,0.00000000,0.00141834,0.001,,"{""X1"": 0.08089, ""X2"": 0.0784, ""X7"": 0.075151, ""X8"": 0.080126, ""X9"": 0.075895, ""X3"": 0.075736, ""X4"": 0.05643, ""X5"": 0.05562, ""X6"": 0.054025, ""X16"": 0.001587, ""X17"": 0.001587, ""X18"": 0.001587, ""X14"": 0.063785, ""X15"": 0.058677, ""X19"": 0.001587, ""X20"": 0.001587, ""X21"": 0.001587, ""X10"": 0.062397, ""X11"": 0.060289, ""X12"": 0.057559, ""X13"": 0.055496}","{""X1"": [0.001451], ""X2"": [0.001503], ""X7"": [0.001577], ""X8"": [0.001466], ""X9"": [0.00156], ""X3"": [0.001563], ""X4"": [0.02617], ""X5"": [0.026596], ""X6"": [0.02747], ""X16"": [3e-06], ""X17"": [0.001065], ""X18"": [0.268855], ""X14"": [0.022788], ""X15"": [0.025049], ""X19"": [3e-06], ""X20"": [0.001065], ""X21"": [0.268855], ""X10"": [0.023366], ""X11"": [0.024295], ""X12"": [0.025596], ""X13"": [0.026662]}"
11,21,21,2,True,regret,77,0.761841,0.00099443,77,0.761841,0.00146234,0.00004400,0.00141834,0.001,100,"{""X1"": 0.089033, ""X2"": 0.086864, ""X7"": 0.088814, ""X8"": 0.087021, ""X9"": 0.090508, ""X3"": 0.088973, ""X4"": 0.04703, ""X5"": 0.04593, ""X6"": 0.05277, ""X16"": 0.016274, ""X17"": 0.000618, ""X18"": 0.000618, ""X14"": 0.050166, ""X15"": 0.048435, ""X19"": 0.016274, ""X20"": 0.000618, ""X21"": 0.000618, ""X10"": 0.043482, ""X11"": 0.046727, ""X12"": 0.047279, ""X13"": 0.051947}","{""X1"": [0.001533], ""X2"": [0.001579], ""X7"": [0.001538], ""X8"": [0.001575], ""X9"": [0.001504], ""X3"": [0.001535], ""X4"": [0.031987], ""X5"": [0.032819], ""X6"": [0.028195], ""X16"": [0.0], ""X17"": [0.002748], ""X18"": [0.486151], ""X14"": [0.029811], ""X15"": [0.030979], ""X19"": [0.0], ""X20"": [0.002748], ""X21"": [0.486151], ""X10"": [0.034815], ""X11"": [0.032212], ""X12"": [0.031805], ""X13"": [0.028689]}"
12,22,22,1,True,regret,13255,26.908944,0.00099979,13255,26.908944,0.01493231,0.00000000,0.01493231,0.001,,"{""X1_1"": 0.366822, ""X1_2"": 0.025171, ""X1_3"": 0.029907, ""X2_1_1"": 0.002301, ""X2_1_2"": 0.002294, ""X2_2_1"": 0.145857, ""X2_2_2"": 0.056888, ""X2_3"": 0.014473, ""X3_1"": 0.084184, ""X3_2"": 0.056905, ""X3_3"": 0.006967, ""X4_1_1"": 0.004071, ""X4_1_2"": 0.0184, ""X4_1_3"": 0.003691, ""X4_2_1"": 0.014461, ""X4_2_2"": 0.086406, ""X5_1_1"": 0.001028, ""X5_1_2"": 3e-06, ""X5_2_1"": 0.025154, ""X5_2_2"": 0.004702, ""X5_3_1"": 0.025152, ""X5_3_2"": 0.025162}","{""X1_1"": [0.014983], ""X1_2"": [0.014693], ""X1_3"": [0.014782], ""X2_1_1"": [0.009416], ""X2_1_2"": [0.009444], ""X2_2_1"": [0.015046], ""X2_2_2"": [0.014969], ""X2_3"": [0.014316], ""X3_1"": [0.015019], ""X3_2"": [0.014964], ""X3_3"": [0.01336], ""X4_1_1"": [0.012011], ""X4_1_2"": [0.014521], ""X4_1_3"": [0.011673], ""X4_2_1"": [0.014329], ""X4_2_2"": [0.01502], ""X5_1_1"": [5.5e-05], ""X5_1_2"": [0.985182], ""X5_2_1"": [0.014703], ""X5_2_2"": [0.012453], ""X5_3_1"": [0.014705], ""X5_3_2"": [0.014699]}"
12,22,22,2,True,regret,17556,1274.575805,0.00099999,17556,1274.575805,0.01493593,0.00000362,0.01493231,0.001,100,"{""X1_1"": 0.366692, ""X1_2"": 0.025099, ""X1_3"": 0.029847, ""X2_1_1"": 0.002361, ""X2_1_2"": 0.002373, ""X2_2_1"": 0.145848, ""X2_2_2"": 0.056886, ""X2_3"": 0.0145, ""X3_1"": 0.084183, ""X3_2"": 0.056872, ""X3_3"": 0.007002, ""X4_1_1"": 0.004112, ""X4_1_2"": 0.018429, ""X4_1_3"": 0.003745, ""X4_2_1"": 0.014495, ""X4_2_2"": 0.08638, ""X5_1_1"": 0.001068, ""X5_1_2"": 3e-06, ""X5_2_1"": 0.025122, ""X5_2_2"": 0.004753, ""X5_3_1"": 0.025104, ""X5_3_2"": 0.025127}","{""X1_1"": [0.014994], ""X1_2"": [0.014737], ""X1_3"": [0.014814], ""X2_1_1"": [0.009176], ""X2_1_2"": [0.009133], ""X2_2_1"": [0.015047], ""X2_2_2"": [0.01497], ""X2_3"": [0.014289], ""X3_1"": [0.015019], ""X3_2"": [0.014974], ""X3_3"": [0.013292], ""X4_1_1"": [0.011892], ""X4_1_2"": [0.014498], ""X4_1_3"": [0.011506], ""X4_2_1"": [0.014294], ""X4_2_2"": [0.015025], ""X5_1_1"": [5.3e-05], ""X5_1_2"": [0.988772], ""X5_2_1"": [0.014724], ""X5_2_2"": [0.012319], ""X5_3_1"": [0.014734], ""X5_3_2"": [0.01472]}"
13,53,53,1,True,regret,1,0.001533,0.00000000,1,0.001533,0.00000000,0.00000000,0.00000000,0.001,,"{""X1"": 0.018868, ""X2"": 0.018868, ""X3"": 0.018868, ""X4"": 0.018868, ""X5"": 0.018868, ""X6"": 0.018868, ""X7"": 0.018868, ""X8"": 0.018868, ""X9"": 0.018868, ""X10"": 0.018868, ""X11"": 0.018868, ""X12"": 0.018868, ""X13"": 0.018868, ""X14"": 0.018868, ""X15"": 0.018868, ""X16"": 0.018868, ""X17"": 0.018868, ""X18"": 0.018868, ""X19"": 0.018868, ""X20"": 0.018868, ""X21"": 0.018868, ""X22"": 0.018868, ""X23"": 0.018868, ""X24"": 0.018868, ""X25"": 0.018868, ""X26"": 0.018868, ""X27"": 0.018868, ""X30"": 0.018868, ""X31"": 0.018868, ""X32"": 0.018868, ""X33"": 0.018868, ""X34"": 0.018868, ""X35"": 0.018868, ""X36"": 0.018868, ""X37"": 0.018868, ""X38"": 0.018868, ""X39"": 0.018868, ""X28"": 0.018868, ""X29"": 0.018868, ""X40"": 0.018868, ""X41"": 0.018868, ""X42"": 0.018868, ""X43"": 0.018868, ""X44"": 0.018868, ""X45"": 0.018868, ""X46"": 0.018868, ""X47"": 0.018868, ""X48"": 0.018868, ""X49"": 0.018868, ""X50"": 0.018868, ""X51"": 0.018868, ""X52"": 0.018868, ""X53"": 0.018868}","{""X1"": [0.0], ""X2"": [0.0], ""X3"": [0.0], ""X4"": [0.0], ""X5"": [0.0], ""X6"": [0.0], ""X7"": [0.0], ""X8"": [0.0], ""X9"": [0.0], ""X10"": [0.0], ""X11"": [0.0], ""X12"": [0.0], ""X13"": [0.0], ""X14"": [0.0], ""X15"": [0.0], ""X16"": [0.0], ""X17"": [0.0], ""X18"": [0.0], ""X19"": [0.0], ""X20"": [0.0], ""X21"": [0.0], ""X22"": [0.0], ""X23"": [0.0], ""X24"": [0.0], ""X25"": [0.0], ""X26"": [0.0], ""X27"": [0.0], ""X30"": [0.0], ""X31"": [0.0], ""X32"": [0.0], ""X33"": [0.0], ""X34"": [0.0], ""X35"": [0.0], ""X36"": [0.0], ""X37"": [0.0], ""X38"": [0.0], ""X39"": [0.0], ""X28"": [0.0], ""X29"": [0.0], ""X40"": [0.0], ""X41"": [0.0], ""X42"": [0.0], ""X43"": [0.0], ""X44"": [0.0], ""X45"": [0.0], ""X46"": [0.0], ""X47"": [0.0], ""X48"": [0.0], ""X49"": [0.0], ""X50"": [0.0], ""X51"": [0.0], ""X52"": [0.0], ""X53"": [0.000707]}"
13,53,53,2,True,regret,1,0.003869,0.00000000,1,0.003869,0.00000000,0.00000000,0.00000000,0.001,100,"{""X1"": 0.018868, ""X2"": 0.018868, ""X3"": 0.018868, ""X4"": 0.018868, ""X5"": 0.018868, ""X6"": 0.018868, ""X7"": 0.018868, ""X8"": 0.018868, ""X9"": 0.018868, ""X10"": 0.018868, ""X11"": 0.018868, ""X12"": 0.018868, ""X13"": 0.018868, ""X14"": 0.018868, ""X15"": 0.018868, ""X16"": 0.018868, ""X17"": 0.018868, ""X18"": 0.018868, ""X19"": 0.018868, ""X20"": 0.018868, ""X21"": 0.018868, ""X22"": 0.018868, ""X23"": 0.018868, ""X24"": 0.018868, ""X25"": 0.018868, ""X26"": 0.018868, ""X27"": 0.018868, ""X30"": 0.018868, ""X31"": 0.018868, ""X32"": 0.018868, ""X33"": 0.018868, ""X34"": 0.018868, ""X35"": 0.018868, ""X36"": 0.018868, ""X37"": 0.018868, ""X38"": 0.018868, ""X39"": 0.018868, ""X28"": 0.018868, ""X29"": 0.018868, ""X40"": 0.018868, ""X41"": 0.018868, ""X42"": 0.018868, ""X43"": 0.018868, ""X44"": 0.018868, ""X45"": 0.018868, ""X46"": 0.018868, ""X47"": 0.018868, ""X48"": 0.018868, ""X49"": 0.018868, ""X50"": 0.018868, ""X51"": 0.018868, ""X52"": 0.018868, ""X53"": 0.018868}","{""X1"": [0.0], ""X2"": [0.0], ""X3"": [0.0], ""X4"": [0.0], ""X5"": [0.0], ""X6"": [0.0], ""X7"": [0.0], ""X8"": [0.0], ""X9"": [0.0], ""X10"": [0.0], ""X11"": [0.0], ""X12"": [0.0], ""X13"": [0.0], ""X14"": [0.0], ""X15"": [0.0], ""X16"": [0.0], ""X17"": [0.0], ""X18"": [0.0], ""X19"": [0.0], ""X20"": [0.0], ""X21"": [0.0], ""X22"": [0.0], ""X23"": [0.0], ""X24"": [0.0], ""X25"": [0.0], ""X26"": [0.0], ""X27"": [0.0], ""X30"": [0.0], ""X31"": [0.0], ""X32"": [0.0], ""X33"": [0.0], ""X34"": [0.0], ""X35"": [0.0], ""X36"": [0.0], ""X37"": [0.0], ""X38"": [0.0], ""X39"": [0.0], ""X28"": [0.0], ""X29"": [0.0], ""X40"": [0.0], ""X41"": [0.0], ""X42"": [0.0], ""X43"": [0.0], ""X44"": [0.0], ""X45"": [0.0], ""X46"": [0.0], ""X47"": [0.0], ""X48"": [0.0], ""X49"": [0.0], ""X50"": [0.0], ""X51"": [0.0], ""X52"": [0.0], ""X53"": [0.000707]}"
14,25,25,1,True,regret,143675,348.626112,0.00099999,143675,348.626112,0.09092665,0.00000000,0.09092665,0.001,,"{""BE1"": 0.000306, ""BE2"": 0.0, ""BE3"": 0.0, ""BE4"": 0.0, ""BE5"": 0.0, ""BE6"": 0.172985, ""BE7"": 0.157286, ""BE8"": 0.1026, ""BE9"": 0.00437, ""BE10"": 0.001023, ""BE11"": 0.001081, ""BE12"": 0.000321, ""BE13"": 0.005944, ""BE14"": 0.007759, ""BE15"": 0.000337, ""BE16"": 0.001139, ""BE17"": 0.147048, ""BE18"": 0.007838, ""BE19"": 0.000797, ""BE20"": 0.066502, ""BE21"": 0.151769, ""BE22"": 0.005304, ""BE23"": 0.150833, ""BE24"": 0.007679, ""BE25"": 0.007078}","{""BE1"": [7.3e-05], ""BE2"": [0.065406], ""BE3"": [0.248687], ""BE4"": [0.984769], ""BE5"": [0.991375], ""BE6"": [0.09122], ""BE7"": [0.091217], ""BE8"": [0.09112], ""BE9"": [0.086442], ""BE10"": [0.062154], ""BE11"": [0.063893], ""BE12"": [0.006186], ""BE13"": [0.088249], ""BE14"": [0.089115], ""BE15"": [0.01171], ""BE16"": [0.065454], ""BE17"": [0.091215], ""BE18"": [0.089109], ""BE19"": [0.054479], ""BE20"": [0.091022], ""BE21"": [0.091214], ""BE22"": [0.087586], ""BE23"": [0.091215], ""BE24"": [0.089132], ""BE25"": [0.089019]}"
14,25,25,2,True,regret,161271,8716.951023,0.00099993,161271,8716.951023,0.09095295,0.00002629,0.09092665,0.001,100,"{""BE1"": 0.000283, ""BE2"": 0.000285, ""BE3"": 0.000286, ""BE4"": 0.0, ""BE5"": 0.0, ""BE6"": 0.172949, ""BE7"": 0.15725, ""BE8"": 0.102548, ""BE9"": 0.004357, ""BE10"": 0.000928, ""BE11"": 0.000988, ""BE12"": 0.000299, ""BE13"": 0.005962, ""BE14"": 0.007784, ""BE15"": 0.000315, ""BE16"": 0.001047, ""BE17"": 0.147014, ""BE18"": 0.007861, ""BE19"": 0.000712, ""BE20"": 0.066477, ""BE21"": 0.151731, ""BE22"": 0.005305, ""BE23"": 0.150796, ""BE24"": 0.007708, ""BE25"": 0.007116}","{""BE1"": [7.9e-05], ""BE2"": [6.8e-05], ""BE3"": [0.000323], ""BE4"": [0.986408], ""BE5"": [0.992309], ""BE6"": [0.091246], ""BE7"": [0.091245], ""BE8"": [0.091173], ""BE9"": [0.086679], ""BE10"": [0.068096], ""BE11"": [0.069546], ""BE12"": [0.006638], ""BE13"": [0.088011], ""BE14"": [0.088844], ""BE15"": [0.012535], ""BE16"": [0.070781], ""BE17"": [0.091242], ""BE18"": [0.088865], ""BE19"": [0.060587], ""BE20"": [0.091057], ""BE21"": [0.091243], ""BE22"": [0.087577], ""BE23"": [0.091244], ""BE24"": [0.088818], ""BE25"": [0.088577]}"
15,10,10,1,True,regret,150,0.070897,0.00098358,150,0.070897,0.00286172,0.00000000,0.00286172,0.001,,"{""TAFc"": 0.180659, ""BAFacN"": 0.01562, ""BAFacS"": 0.013506, ""BAFacE"": 0.009214, ""BAFacW"": 0.182395, ""MLFac"": 0.290383, ""BHFac"": 0.275746, ""HFship"": 0.010295, ""HFland"": 0.010553, ""LHF"": 0.011629}","{""TAFc"": [0.002853], ""BAFacN"": [0.00123], ""BAFacS"": [0.000572], ""BAFacE"": [2.1e-05], ""BAFacW"": [0.002792], ""MLFac"": [0.002838], ""BHFac"": [0.002901], ""HFship"": [0.000189], ""HFland"": [0.000185], ""LHF"": [0.000334]}"
15,10,10,2,True,regret,304,2.971368,0.00099551,304,2.971368,0.00277964,-0.00008208,0.00286172,0.001,100,"{""TAFc"": 0.184181, ""BAFacN"": 0.01361, ""BAFacS"": 0.00994, ""BAFacE"": 0.008741, ""BAFacW"": 0.183982, ""MLFac"": 0.292173, ""BHFac"": 0.280911, ""HFship"": 0.008952, ""HFland"": 0.008952, ""LHF"": 0.008558}","{""TAFc"": [0.002771], ""BAFacN"": [0.001418], ""BAFacS"": [0.000784], ""BAFacE"": [2.2e-05], ""BAFacW"": [0.002756], ""MLFac"": [0.002805], ""BHFac"": [0.002803], ""HFship"": [0.000218], ""HFland"": [0.000218], ""LHF"": [0.000457]}"
16,23,23,1,True,regret,12,0.024833,0.00095504,12,0.024833,0.00036636,0.00000000,0.00036636,0.001,,"{""TAFfs"": 0.061551, ""TAFfp"": 0.013293, ""BAFacN"": 0.011588, ""BAFacS"": 0.011507, ""BAFacE"": 0.011668, ""BAFacW"": 0.011427, ""BAFasbN"": 0.011108, ""BAFasbS"": 0.011313, ""BAFasbE"": 0.011187, ""BAFasbW"": 0.013167, ""BAFapN"": 0.011267, ""BAFapS"": 0.03785, ""BAFapE"": 0.011346, ""BAFapW"": 0.016935, ""MLFac"": 0.013367, ""MLFasb"": 0.092166, ""MLFap"": 0.145577, ""BHFac"": 0.013506, ""BHFas"": 0.127611, ""BHFap"": 0.305779, ""HFship"": 0.021064, ""HFland"": 0.022289, ""LHF"": 0.013434}","{""TAFfs"": [0.000361], ""TAFfp"": [1.5e-05], ""BAFacN"": [1.7e-05], ""BAFacS"": [1.7e-05], ""BAFacE"": [1.7e-05], ""BAFacW"": [1.7e-05], ""BAFasbN"": [1.8e-05], ""BAFasbS"": [1.7e-05], ""BAFasbE"": [1.7e-05], ""BAFasbW"": [1.5e-05], ""BAFapN"": [1.7e-05], ""BAFapS"": [0.000192], ""BAFapE"": [1.7e-05], ""BAFapW"": [0.000113], ""MLFac"": [1.4e-05], ""MLFasb"": [0.00041], ""MLFap"": [0.000345], ""BHFac"": [1.4e-05], ""BHFas"": [0.000358], ""BHFap"": [0.000332], ""HFship"": [0.00018], ""HFland"": [0.00017], ""LHF"": [1.4e-05]}"
16,23,23,2,True,regret,1,0.082586,0.00000000,1,0.082586,0.00153603,0.00116967,0.00036636,0.001,100,"{""TAFfs"": 0.043478, ""TAFfp"": 0.043478, ""BAFacN"": 0.043478, ""BAFacS"": 0.043478, ""BAFacE"": 0.043478, ""BAFacW"": 0.043478, ""BAFasbN"": 0.043478, ""BAFasbS"": 0.043478, ""BAFasbE"": 0.043478, ""BAFasbW"": 0.043478, ""BAFapN"": 0.043478, ""BAFapS"": 0.043478, ""BAFapE"": 0.043478, ""BAFapW"": 0.043478, ""MLFac"": 0.043478, ""MLFasb"": 0.043478, ""MLFap"": 0.043478, ""BHFac"": 0.043478, ""BHFas"": 0.043478, ""BHFap"": 0.043478, ""HFship"": 0.043478, ""HFland"": 0.043478, ""LHF"": 0.043478}","{""TAFfs"": [0.000535], ""TAFfp"": [4e-06], ""BAFacN"": [4e-06], ""BAFacS"": [4e-06], ""BAFacE"": [4e-06], ""BAFacW"": [4e-06], ""BAFasbN"": [4e-06], ""BAFasbS"": [4e-06], ""BAFasbE"": [4e-06], ""BAFasbW"": [4e-06], ""BAFapN"": [4e-06], ""BAFapS"": [0.000165], ""BAFapE"": [4e-06], ""BAFapW"": [4.1e-05], ""MLFac"": [4e-06], ""MLFasb"": [0.000987], ""MLFap"": [0.001521], ""BHFac"": [4e-06], ""BHFas"": [0.001316], ""BHFap"": [0.004917], ""HFship"": [8.2e-05], ""HFland"": [8.2e-05], ""LHF"": [4e-06]}"
17,34,34,1,True,regret,12,0.052867,0.00092950,12,0.052867,0.00037971,0.00000000,0.00037971,0.001,,"{""TAFfs"": 0.010876, ""BAFfcN"": 0.010886, ""BAFfcS"": 0.010813, ""BAFfcE"": 0.010959, ""BAFfcW"": 0.010753, ""BAFfpN"": 0.010616, ""BAFfpS"": 0.010591, ""BAFfpE"": 0.010683, ""BAFfpW"": 0.010628, ""BAFacN"": 0.01347, ""BAFacS"": 0.013757, ""BAFacE"": 0.013527, ""BAFacW"": 0.009891, ""BAFasbN"": 0.011185, ""BAFasbS"": 0.011109, ""BAFasbE"": 0.011241, ""BAFasbW"": 0.011033, ""BAFapN"": 0.011373, ""BAFapS"": 0.029267, ""BAFapE"": 0.011442, ""BAFapW"": 0.011306, ""MLFfc"": 0.010901, ""MLFfp"": 0.049808, ""MLFac"": 0.010927, ""MLFasb"": 0.067761, ""MLFap"": 0.217845, ""BHFfc"": 0.014794, ""BHFfp"": 0.13622, ""BHFac"": 0.01532, ""BHFas"": 0.117352, ""BHFap"": 0.048378, ""HFship"": 0.023606, ""HFland"": 0.020728, ""LHF"": 0.010955}","{""TAFfs"": [1.8e-05], ""BAFfcN"": [1.8e-05], ""BAFfcS"": [1.8e-05], ""BAFfcE"": [1.8e-05], ""BAFfcW"": [1.8e-05], ""BAFfpN"": [1.8e-05], ""BAFfpS"": [1.8e-05], ""BAFfpE"": [1.8e-05], ""BAFfpW"": [1.8e-05], ""BAFacN"": [1.4e-05], ""BAFacS"": [1.4e-05], ""BAFacE"": [1.4e-05], ""BAFacW"": [2e-05], ""BAFasbN"": [1.7e-05], ""BAFasbS"": [1.8e-05], ""BAFasbE"": [1.7e-05], ""BAFasbW"": [1.8e-05], ""BAFapN"": [1.7e-05], ""BAFapS"": [0.00019], ""BAFapE"": [1.7e-05], ""BAFapW"": [1.7e-05], ""MLFfc"": [1.8e-05], ""MLFfp"": [0.000389], ""MLFac"": [1.8e-05], ""MLFasb"": [0.000397], ""MLFap"": [0.000365], ""BHFfc"": [1.3e-05], ""BHFfp"": [0.000369], ""BHFac"": [1.3e-05], ""BHFas"": [0.000401], ""BHFap"": [0.000402], ""HFship"": [0.000239], ""HFland"": [0.000275], ""LHF"": [1.8e-05]}"
17,34,34,2,True,regret,191,53.020531,0.00099772,191,53.020531,0.00037262,-0.00000710,0.00037971,0.001,100,"{""TAFfs"": 0.021933, ""BAFfcN"": 0.0083, ""BAFfcS"": 0.0083, ""BAFfcE"": 0.0083, ""BAFfcW"": 0.0083, ""BAFfpN"": 0.0083, ""BAFfpS"": 0.0083, ""BAFfpE"": 0.0083, ""BAFfpW"": 0.0083, ""BAFacN"": 0.0083, ""BAFacS"": 0.0083, ""BAFacE"": 0.0083, ""BAFacW"": 0.0083, ""BAFasbN"": 0.0083, ""BAFasbS"": 0.0083, ""BAFasbE"": 0.0083, ""BAFasbW"": 0.0083, ""BAFapN"": 0.0083, ""BAFapS"": 0.021306, ""BAFapE"": 0.0083, ""BAFapW"": 0.0083, ""MLFfc"": 0.021933, ""MLFfp"": 0.058578, ""MLFac"": 0.021933, ""MLFasb"": 0.073447, ""MLFap"": 0.222248, ""BHFfc"": 0.0083, ""BHFfp"": 0.128903, ""BHFac"": 0.0083, ""BHFas"": 0.120509, ""BHFap"": 0.053517, ""HFship"": 0.02976, ""HFland"": 0.029707, ""LHF"": 0.021933}","{""TAFfs"": [9e-06], ""BAFfcN"": [2.4e-05], ""BAFfcS"": [2.4e-05], ""BAFfcE"": [2.4e-05], ""BAFfcW"": [2.4e-05], ""BAFfpN"": [2.4e-05], ""BAFfpS"": [2.4e-05], ""BAFfpE"": [2.4e-05], ""BAFfpW"": [2.4e-05], ""BAFacN"": [2.4e-05], ""BAFacS"": [2.4e-05], ""BAFacE"": [2.4e-05], ""BAFacW"": [2.4e-05], ""BAFasbN"": [2.4e-05], ""BAFasbS"": [2.4e-05], ""BAFasbE"": [2.4e-05], ""BAFasbW"": [2.4e-05], ""BAFapN"": [2.4e-05], ""BAFapS"": [0.000267], ""BAFapE"": [2.4e-05], ""BAFapW"": [2.4e-05], ""MLFfc"": [9e-06], ""MLFfp"": [0.000323], ""MLFac"": [9e-06], ""MLFasb"": [0.00036], ""MLFap"": [0.000353], ""BHFfc"": [2.4e-05], ""BHFfp"": [0.000398], ""BHFac"": [2.4e-05], ""BHFas"": [0.000387], ""BHFap"": [0.000358], ""HFship"": [0.000187], ""HFland"": [0.000187], ""LHF"": [9e-06]}"
18,22,22,1,True,regret,13255,26.768702,0.00099979,13255,26.768702,0.01493231,0.00000000,0.01493231,0.001,,"{""X1_1"": 0.366822, ""X1_2"": 0.025171, ""X1_3"": 0.029907, ""X2_1_1"": 0.002301, ""X2_1_2"": 0.002294, ""X2_2_1"": 0.145857, ""X2_2_2"": 0.056888, ""X2_3"": 0.014473, ""X3_1"": 0.084184, ""X3_2"": 0.056905, ""X3_3"": 0.006967, ""X4_1_1"": 0.004071, ""X4_1_2"": 0.0184, ""X4_1_3"": 0.003691, ""X4_2_1"": 0.014461, ""X4_2_2"": 0.086406, ""X5_1_1"": 0.001028, ""X5_1_2"": 3e-06, ""X5_2_1"": 0.025154, ""X5_2_2"": 0.004702, ""X5_3_1"": 0.025152, ""X5_3_2"": 0.025162}","{""X1_1"": [0.014983], ""X1_2"": [0.014693], ""X1_3"": [0.014782], ""X2_1_1"": [0.009416], ""X2_1_2"": [0.009444], ""X2_2_1"": [0.015046], ""X2_2_2"": [0.014969], ""X2_3"": [0.014316], ""X3_1"": [0.015019], ""X3_2"": [0.014964], ""X3_3"": [0.01336], ""X4_1_1"": [0.012011], ""X4_1_2"": [0.014521], ""X4_1_3"": [0.011673], ""X4_2_1"": [0.014329], ""X4_2_2"": [0.01502], ""X5_1_1"": [5.5e-05], ""X5_1_2"": [0.985182], ""X5_2_1"": [0.014703], ""X5_2_2"": [0.012453], ""X5_3_1"": [0.014705], ""X5_3_2"": [0.014699]}"
18,22,22,2,True,regret,17556,1270.572250,0.00099999,17556,1270.572250,0.01493593,0.00000362,0.01493231,0.001,100,"{""X1_1"": 0.366692, ""X1_2"": 0.025099, ""X1_3"": 0.029847, ""X2_1_1"": 0.002361, ""X2_1_2"": 0.002373, ""X2_2_1"": 0.145848, ""X2_2_2"": 0.056886, ""X2_3"": 0.0145, ""X3_1"": 0.084183, ""X3_2"": 0.056872, ""X3_3"": 0.007002, ""X4_1_1"": 0.004112, ""X4_1_2"": 0.018429, ""X4_1_3"": 0.003745, ""X4_2_1"": 0.014495, ""X4_2_2"": 0.08638, ""X5_1_1"": 0.001068, ""X5_1_2"": 3e-06, ""X5_2_1"": 0.025122, ""X5_2_2"": 0.004753, ""X5_3_1"": 0.025104, ""X5_3_2"": 0.025127}","{""X1_1"": [0.014994], ""X1_2"": [0.014737], ""X1_3"": [0.014814], ""X2_1_1"": [0.009176], ""X2_1_2"": [0.009133], ""X2_2_1"": [0.015047], ""X2_2_2"": [0.01497], ""X2_3"": [0.014289], ""X3_1"": [0.015019], ""X3_2"": [0.014974], ""X3_3"": [0.013292], ""X4_1_1"": [0.011892], ""X4_1_2"": [0.014498], ""X4_1_3"": [0.011506], ""X4_2_1"": [0.014294], ""X4_2_2"": [0.015025], ""X5_1_1"": [5.3e-05], ""X5_1_2"": [0.988772], ""X5_2_1"": [0.014724], ""X5_2_2"": [0.012319], ""X5_3_1"": [0.014734], ""X5_3_2"": [0.01472]}"
19,23,23,1,True,regret,13,0.026408,0.00095419,13,0.026408,0.00074716,0.00000000,0.00074716,0.001,,"{""Not_removing_the_corrosion_gas_and_impurities"": 0.084108, ""Not_adding_corrosion_inhibitor"": 0.097089, ""Not_pigging_regularly"": 0.028767, ""Anticorrosive_coating_failure"": 0.053795, ""Cathodic_protection_failure"": 0.042166, ""Dropped_objects_hit"": 0.022697, ""Anchoring_work"": 0.039381, ""Fishing_gear_interaction"": 0.040288, ""Offshore_construction"": 0.018973, ""Design_burial_depth_is_not_enough"": 0.014262, ""Operation_of_burial_depth_is_not_enough"": 0.014316, ""Failure_of_treatment_timely"": 0.014318, ""Strong_current_and_wave"": 0.003344, ""Seabed_soil_are_eroded_easily"": 0.003344, ""Subsea_earthquake"": 0.016874, ""Seabed_movement"": 0.127186, ""Typhoon"": 0.018619, ""Design_defect_of_material"": 0.071535, ""Construction_defect_of_material"": 0.067541, ""Design_defect_of_weld-seam"": 0.036044, ""Construction_defect_of_weld-seam"": 0.059248, ""Auxiliaries_aging"": 0.108821, ""Design_defect_of_auxiliaries"": 0.017286}","{""Not_removing_the_corrosion_gas_and_impurities"": [0.000784], ""Not_adding_corrosion_inhibitor"": [0.00072], ""Not_pigging_regularly"": [0.000452], ""Anticorrosive_coating_failure"": [0.000486], ""Cathodic_protection_failure"": [0.000554], ""Dropped_objects_hit"": [0.000333], ""Anchoring_work"": [0.000276], ""Fishing_gear_interaction"": [0.000582], ""Offshore_construction"": [0.000201], ""Design_burial_depth_is_not_enough"": [2e-06], ""Operation_of_burial_depth_is_not_enough"": [0.0], ""Failure_of_treatment_timely"": [0.0], ""Strong_current_and_wave"": [0.000593], ""Seabed_soil_are_eroded_easily"": [0.039309], ""Subsea_earthquake"": [0.000114], ""Seabed_movement"": [0.000607], ""Typhoon"": [0.000205], ""Design_defect_of_material"": [0.000837], ""Construction_defect_of_material"": [0.000746], ""Design_defect_of_weld-seam"": [0.000506], ""Construction_defect_of_weld-seam"": [0.000667], ""Auxiliaries_aging"": [0.000663], ""Design_defect_of_auxiliaries"": [0.000111]}"
19,23,23,2,True,regret,86,6.588474,0.00099984,86,6.588474,0.00073236,-0.00001480,0.00074716,0.001,100,"{""Not_removing_the_corrosion_gas_and_impurities"": 0.091339, ""Not_adding_corrosion_inhibitor"": 0.093337, ""Not_pigging_regularly"": 0.037137, ""Anticorrosive_coating_failure"": 0.039203, ""Cathodic_protection_failure"": 0.035244, ""Dropped_objects_hit"": 0.020211, ""Anchoring_work"": 0.02417, ""Fishing_gear_interaction"": 0.035244, ""Offshore_construction"": 0.031015, ""Design_burial_depth_is_not_enough"": 0.015572, ""Operation_of_burial_depth_is_not_enough"": 0.031015, ""Failure_of_treatment_timely"": 0.015572, ""Strong_current_and_wave"": 0.000506, ""Seabed_soil_are_eroded_easily"": 0.000506, ""Subsea_earthquake"": 0.031015, ""Seabed_movement"": 0.11592, ""Typhoon"": 0.031015, ""Design_defect_of_material"": 0.081867, ""Construction_defect_of_material"": 0.073308, ""Design_defect_of_weld-seam"": 0.030077, ""Construction_defect_of_weld-seam"": 0.053719, ""Auxiliaries_aging"": 0.096465, ""Design_defect_of_auxiliaries"": 0.016543}","{""Not_removing_the_corrosion_gas_and_impurities"": [0.000708], ""Not_adding_corrosion_inhibitor"": [0.000756], ""Not_pigging_regularly"": [0.000343], ""Anticorrosive_coating_failure"": [0.000692], ""Cathodic_protection_failure"": [0.000674], ""Dropped_objects_hit"": [0.000376], ""Anchoring_work"": [0.000467], ""Fishing_gear_interaction"": [0.000674], ""Offshore_construction"": [0.000119], ""Design_burial_depth_is_not_enough"": [2e-06], ""Operation_of_burial_depth_is_not_enough"": [0.0], ""Failure_of_treatment_timely"": [0.0], ""Strong_current_and_wave"": [0.003935], ""Seabed_soil_are_eroded_easily"": [0.214219], ""Subsea_earthquake"": [6e-05], ""Seabed_movement"": [0.000687], ""Typhoon"": [0.000119], ""Design_defect_of_material"": [0.000711], ""Construction_defect_of_material"": [0.000677], ""Design_defect_of_weld-seam"": [0.000616], ""Construction_defect_of_weld-seam"": [0.000746], ""Auxiliaries_aging"": [0.000774], ""Design_defect_of_auxiliaries"": [0.000116]}"
20,30,30,1,True,plateau,64000,246.014332,0.00297785,64000,246.014332,0.67776310,0.00000000,0.67776310,0.001,,"{""X1"": 0.036154, ""X2"": 0.031529, ""X3"": 0.035252, ""X4"": 0.03237, ""X5"": 0.033331, ""X6"": 0.033246, ""X7"": 0.035896, ""X8"": 0.032846, ""X10"": 0.034476, ""X11"": 0.033896, ""X12"": 0.034535, ""X13"": 0.034282, ""X14"": 0.033999, ""X15"": 0.034373, ""X16"": 0.030659, ""X17"": 0.029421, ""X18"": 0.033091, ""X19"": 0.03332, ""X20"": 0.033851, ""X21"": 0.034195, ""X22"": 0.03558, ""X23"": 0.032188, ""X24"": 0.033981, ""X25"": 0.034135, ""X26"": 0.025531, ""X27"": 0.032086, ""X28"": 0.033895, ""X29"": 0.034844, ""X30"": 0.034848, ""X31"": 0.03219}","{""X1"": [0.677704], ""X2"": [0.677289], ""X3"": [0.677761], ""X4"": [0.677376], ""X5"": [0.677568], ""X6"": [0.677547], ""X7"": [0.677764], ""X8"": [0.677475], ""X10"": [0.677549], ""X11"": [0.677537], ""X12"": [0.677653], ""X13"": [0.67769], ""X14"": [0.677593], ""X15"": [0.677616], ""X16"": [0.677174], ""X17"": [0.676872], ""X18"": [0.677476], ""X19"": [0.677519], ""X20"": [0.677566], ""X21"": [0.677655], ""X22"": [0.677776], ""X23"": [0.677417], ""X24"": [0.67755], ""X25"": [0.677617], ""X26"": [0.676282], ""X27"": [0.677408], ""X28"": [0.677591], ""X29"": [0.677728], ""X30"": [0.677698], ""X31"": [0.6774]}"
20,30,30,2,True,plateau,79000,1543.796330,0.00267723,79000,1543.796330,0.67786705,0.00010396,0.67776310,0.001,100,"{""X1"": 0.036133, ""X2"": 0.031541, ""X3"": 0.035244, ""X4"": 0.032376, ""X5"": 0.033339, ""X6"": 0.033251, ""X7"": 0.035877, ""X8"": 0.032863, ""X10"": 0.034448, ""X11"": 0.033883, ""X12"": 0.034524, ""X13"": 0.03429, ""X14"": 0.033993, ""X15"": 0.034364, ""X16"": 0.030679, ""X17"": 0.029435, ""X18"": 0.033089, ""X19"": 0.033318, ""X20"": 0.033854, ""X21"": 0.034193, ""X22"": 0.035567, ""X23"": 0.032201, ""X24"": 0.033968, ""X25"": 0.034129, ""X26"": 0.025561, ""X27"": 0.032104, ""X28"": 0.0339, ""X29"": 0.034841, ""X30"": 0.034834, ""X31"": 0.032199}","{""X1"": [0.677845], ""X2"": [0.677194], ""X3"": [0.677818], ""X4"": [0.677333], ""X5"": [0.677516], ""X6"": [0.677514], ""X7"": [0.677892], ""X8"": [0.677351], ""X10"": [0.677736], ""X11"": [0.677625], ""X12"": [0.677726], ""X13"": [0.677635], ""X14"": [0.677638], ""X15"": [0.677677], ""X16"": [0.677022], ""X17"": [0.676759], ""X18"": [0.677487], ""X19"": [0.677531], ""X20"": [0.677548], ""X21"": [0.677666], ""X22"": [0.677863], ""X23"": [0.677321], ""X24"": [0.677641], ""X25"": [0.67766], ""X26"": [0.676002], ""X27"": [0.677275], ""X28"": [0.677554], ""X29"": [0.677746], ""X30"": [0.677794], ""X31"": [0.677332]}"
21,16,16,1,True,regret,58,0.066403,0.00099955,58,0.066403,0.00199889,0.00000000,0.00199889,0.001,,"{""X1"": 0.053313, ""X2"": 0.037789, ""X3"": 0.131989, ""X4"": 0.019132, ""X5"": 0.121933, ""X6"": 0.096391, ""X7"": 0.059916, ""X8"": 0.083385, ""X9"": 0.02762, ""X10"": 0.022592, ""X11"": 0.104995, ""X12"": 0.050237, ""X13"": 0.05181, ""X14"": 0.049681, ""X15"": 0.052365, ""X16"": 0.036852}","{""X1"": [0.001634], ""X2"": [0.001728], ""X3"": [0.001911], ""X4"": [0.001194], ""X5"": [0.002008], ""X6"": [0.002079], ""X7"": [0.001943], ""X8"": [0.001987], ""X9"": [0.001551], ""X10"": [0.001169], ""X11"": [0.001995], ""X12"": [0.001643], ""X13"": [0.001688], ""X14"": [0.00177], ""X15"": [0.001768], ""X16"": [0.001727]}"
21,16,16,2,True,regret,181,6.078543,0.00098672,181,6.078543,0.00199735,-0.00000154,0.00199889,0.001,100,"{""X1"": 0.051601, ""X2"": 0.042873, ""X3"": 0.125328, ""X4"": 0.022377, ""X5"": 0.123468, ""X6"": 0.101306, ""X7"": 0.061164, ""X8"": 0.083934, ""X9"": 0.027352, ""X10"": 0.027542, ""X11"": 0.103487, ""X12"": 0.045656, ""X13"": 0.047685, ""X14"": 0.049535, ""X15"": 0.049362, ""X16"": 0.037327}","{""X1"": [0.001696], ""X2"": [0.001504], ""X3"": [0.00205], ""X4"": [0.001013], ""X5"": [0.001975], ""X6"": [0.001952], ""X7"": [0.001897], ""X8"": [0.001971], ""X9"": [0.001567], ""X10"": [0.000947], ""X11"": [0.002032], ""X12"": [0.001829], ""X13"": [0.001854], ""X14"": [0.001776], ""X15"": [0.00189], ""X16"": [0.001703]}"
22,27,27,1,True,regret,4425,8.039012,0.00099898,4425,8.039012,0.01421890,0.00000000,0.01421890,0.001,,"{""Source"": 0.120396, ""TreatmentUnits"": 2.4e-05, ""Staff"": 1e-05, ""MetallicLeach"": 0.186285, ""ConduciveLeach"": 0.106062, ""MetallicCorr"": 0.23374, ""ConduciveCorr"": 0.173885, ""Threat"": 0.134835, ""PhysGeo"": 8e-06, ""Monitoring"": 1.3e-05, ""Plastic"": 0.002758, ""Hydrocarbon"": 8e-06, ""ConducivePerm"": 8e-06, ""Organic"": 0.004308, ""Detention"": 8e-06, ""ConduciveBiofilm"": 8e-06, ""PipesGaskets"": 0.007517, ""Maintenance"": 0.007477, ""CrossConnect"": 0.007527, ""LOPressure"": 8e-06, ""Contaminants"": 8e-06, ""OrganicDBP"": 0.007537, ""DisinfectantConcDBP"": 8e-06, ""ConduciveDBP"": 8e-06, ""OrganicDL"": 0.007535, ""DisinfectantConcDL"": 8e-06, ""ConduciveDL"": 8e-06}","{""Source"": [0.014322], ""TreatmentUnits"": [0.997816], ""Staff"": [0.999826], ""MetallicLeach"": [0.014282], ""ConduciveLeach"": [0.066715], ""MetallicCorr"": [0.014175], ""ConduciveCorr"": [0.067316], ""Threat"": [0.014337], ""PhysGeo"": [0.999582], ""Monitoring"": [0.999687], ""Plastic"": [0.008918], ""Hydrocarbon"": [0.982726], ""ConducivePerm"": [0.999164], ""Organic"": [0.01135], ""Detention"": [0.991288], ""ConduciveBiofilm"": [0.999582], ""PipesGaskets"": [0.012884], ""Maintenance"": [0.012954], ""CrossConnect"": [0.012867], ""LOPressure"": [0.990877], ""Contaminants"": [0.999164], ""OrganicDBP"": [0.01285], ""DisinfectantConcDBP"": [0.995417], ""ConduciveDBP"": [0.999582], ""OrganicDL"": [0.012854], ""DisinfectantConcDL"": [0.995417], ""ConduciveDL"": [0.999582]}"
22,27,27,2,True,regret,5326,186.803661,0.00099975,5326,186.803661,0.01423301,0.00001410,0.01421890,0.001,100,"{""Source"": 0.120329, ""TreatmentUnits"": 7e-05, ""Staff"": 1e-05, ""MetallicLeach"": 0.18573, ""ConduciveLeach"": 0.106387, ""MetallicCorr"": 0.231138, ""ConduciveCorr"": 0.175239, ""Threat"": 0.134791, ""PhysGeo"": 8e-06, ""Monitoring"": 8e-06, ""Plastic"": 0.003048, ""Hydrocarbon"": 7e-06, ""ConducivePerm"": 7e-06, ""Organic"": 0.004598, ""Detention"": 7e-06, ""ConduciveBiofilm"": 7e-06, ""PipesGaskets"": 0.007691, ""Maintenance"": 0.007689, ""CrossConnect"": 0.007616, ""LOPressure"": 7e-06, ""Contaminants"": 7e-06, ""OrganicDBP"": 0.007777, ""DisinfectantConcDBP"": 7e-06, ""ConduciveDBP"": 7e-06, ""OrganicDL"": 0.0078, ""DisinfectantConcDL"": 7e-06, ""ConduciveDL"": 7e-06}","{""Source"": [0.014328], ""TreatmentUnits"": [0.994033], ""Staff"": [0.999834], ""MetallicLeach"": [0.014304], ""ConduciveLeach"": [0.066469], ""MetallicCorr"": [0.014278], ""ConduciveCorr"": [0.066589], ""Threat"": [0.014344], ""PhysGeo"": [0.999598], ""Monitoring"": [0.999799], ""Plastic"": [0.008073], ""Hydrocarbon"": [0.985606], ""ConducivePerm"": [0.999305], ""Organic"": [0.010633], ""Detention"": [0.992751], ""ConduciveBiofilm"": [0.999652], ""PipesGaskets"": [0.01259], ""Maintenance"": [0.012595], ""CrossConnect"": [0.012716], ""LOPressure"": [0.992276], ""Contaminants"": [0.999305], ""OrganicDBP"": [0.012451], ""DisinfectantConcDBP"": [0.99619], ""ConduciveDBP"": [0.999652], ""OrganicDL"": [0.012414], ""DisinfectantConcDL"": [0.99619], ""ConduciveDL"": [0.999652]}"
