network_id,structure,n_controls,total_Q,depth,mode,rho,seed,task,index_time_s,mdp_time_s,mdp_status,mdp_states,ell,probs
0,"Ser(Ser(Par(v0,v1),v2),Ser(Ser(v3,Ser(v4,Par(v5,Par(v6,v7)))),Ser(Par(v8,Par(v9,v10)),Ser(v11,v12))))",13,46,6,random,0.9,0,both,0.006828,10.811759,ok,215774,"{""v0"": 0.009902, ""v1"": 0.129506, ""v2"": 0.205395, ""v3"": 0.031387, ""v4"": 0.038352, ""v5"": 0.025484, ""v6"": 0.009506, ""v7"": 0.014571, ""v8"": 0.201887, ""v9"": 0.003963, ""v10"": 0.15837, ""v11"": 0.093873, ""v12"": 0.077804}","{""v0"": [0.7961, 0.6933, 0.4887, 0.2375], ""v1"": [0.8921, 0.5696, 0.5174, 0.3545, 0.3026, 0.2847, 0.2299], ""v2"": [0.8196, 0.3664, 0.2933, 0.2163], ""v3"": [0.8264, 0.4792, 0.3391], ""v4"": [0.6989, 0.6414, 0.4082], ""v5"": [0.2556], ""v6"": [0.795, 0.6166, 0.5098], ""v7"": [0.5267, 0.25], ""v8"": [0.5157, 0.2765, 0.2024], ""v9"": [0.8462, 0.835, 0.6729, 0.4383, 0.3283], ""v10"": [0.767, 0.6837, 0.6039, 0.3055], ""v11"": [0.6985, 0.6783], ""v12"": [0.7633, 0.7418, 0.6885, 0.64, 0.5097]}"
1,"Ser(Par(v0,Par(v1,Ser(v2,v3))),Ser(Par(v4,Par(Ser(v5,v6),Ser(v7,v8))),Par(v9,Par(Par(v10,v11),Ser(v12,v13)))))",14,45,5,random,0.9,0,both,0.005921,-1,statecap,,"{""v0"": 0.012135, ""v1"": 0.073178, ""v2"": 0.063612, ""v3"": 0.078233, ""v4"": 0.018334, ""v5"": 0.026168, ""v6"": 0.183972, ""v7"": 0.059316, ""v8"": 0.18927, ""v9"": 0.062869, ""v10"": 0.005446, ""v11"": 0.02203, ""v12"": 0.177733, ""v13"": 0.027704}","{""v0"": [0.3155], ""v1"": [0.5605, 0.4426, 0.3039], ""v2"": [0.5542, 0.2539], ""v3"": [0.6283, 0.5201, 0.3863, 0.2578, 0.2325], ""v4"": [0.8707, 0.8551, 0.751, 0.593], ""v5"": [0.7616, 0.6268], ""v6"": [0.6581, 0.6492, 0.6427, 0.4703], ""v7"": [0.866, 0.6098], ""v8"": [0.8414, 0.7864, 0.7148, 0.4861], ""v9"": [0.8876, 0.7747, 0.5369, 0.4697], ""v10"": [0.899, 0.7398, 0.2017], ""v11"": [0.8516, 0.6464, 0.6022, 0.3199, 0.2714], ""v12"": [0.2815], ""v13"": [0.8555, 0.7785, 0.6718, 0.579, 0.2056]}"
2,"Ser(Par(Par(Par(v0,v1),v2),Ser(v3,Ser(v4,v5))),Par(Ser(v6,v7),Ser(Par(v8,Ser(v9,v10)),Par(v11,v12))))",13,31,5,random,0.9,0,both,0.003538,32.692343,ok,405517,"{""v0"": 0.01349, ""v1"": 0.227809, ""v2"": 0.023086, ""v3"": 0.011367, ""v4"": 0.263629, ""v5"": 0.030326, ""v6"": 0.00153, ""v7"": 0.071644, ""v8"": 0.118406, ""v9"": 0.07289, ""v10"": 0.022754, ""v11"": 0.087031, ""v12"": 0.056038}","{""v0"": [0.8384, 0.4598, 0.4149, 0.3756], ""v1"": [0.3855, 0.2167], ""v2"": [0.7647, 0.3989, 0.2958], ""v3"": [0.6145, 0.3609], ""v4"": [0.6909, 0.3433], ""v5"": [0.8361, 0.6798, 0.6274], ""v6"": [0.8664, 0.6098, 0.2876], ""v7"": [0.7128, 0.3004], ""v8"": [0.8501, 0.2397, 0.2355], ""v9"": [0.3245], ""v10"": [0.7084], ""v11"": [0.892, 0.4483], ""v12"": [0.8311, 0.4505, 0.4202]}"
3,"Par(Ser(v0,Par(Par(v1,v2),Par(v3,v4))),Par(Par(v5,v6),Ser(Par(v7,Par(v8,v9)),Par(v10,v11))))",12,43,5,random,0.9,0,both,0.001858,-1,statecap,,"{""v0"": 0.003537, ""v1"": 0.305064, ""v2"": 0.018101, ""v3"": 0.064122, ""v4"": 0.051569, ""v5"": 0.008934, ""v6"": 0.058038, ""v7"": 0.231892, ""v8"": 0.014822, ""v9"": 0.155529, ""v10"": 0.000446, ""v11"": 0.087946}","{""v0"": [0.2468], ""v1"": [0.774, 0.5687, 0.3317], ""v2"": [0.681, 0.4003, 0.4003, 0.2194], ""v3"": [0.674, 0.4533], ""v4"": [0.7588, 0.534, 0.3568], ""v5"": [0.5959, 0.555, 0.5468, 0.3068, 0.2819, 0.2702, 0.2573], ""v6"": [0.8058, 0.6925, 0.6554, 0.4759, 0.4333, 0.358, 0.2537], ""v7"": [0.7756, 0.5369], ""v8"": [0.767, 0.3606, 0.2546], ""v9"": [0.6, 0.3164, 0.2951], ""v10"": [0.7876, 0.6806, 0.5523, 0.296], ""v11"": [0.7541, 0.5711, 0.4527, 0.2464]}"
4,"Par(Par(Par(Ser(v0,Par(Par(v1,v2),Ser(v3,v4))),v5),Ser(v6,Ser(v7,v8))),Ser(Par(Par(v9,v10),v11),Ser(v12,v13)))",14,47,6,random,0.9,0,both,0.003010,640.474454,ok,3998871,"{""v0"": 0.124667, ""v1"": 0.106434, ""v2"": 0.042866, ""v3"": 0.007593, ""v4"": 0.013781, ""v5"": 0.153871, ""v6"": 0.026326, ""v7"": 0.016704, ""v8"": 0.063477, ""v9"": 0.169387, ""v10"": 0.080191, ""v11"": 0.092955, ""v12"": 0.034487, ""v13"": 0.067261}","{""v0"": [0.5314, 0.2464], ""v1"": [0.6199, 0.5316], ""v2"": [0.3989, 0.3031], ""v3"": [0.8484, 0.8417, 0.3205, 0.2783], ""v4"": [0.8273, 0.8273, 0.7869, 0.6783], ""v5"": [0.8713, 0.8329, 0.667, 0.5444, 0.5126], ""v6"": [0.8672, 0.722, 0.6766], ""v7"": [0.8203, 0.7347, 0.6494, 0.5322], ""v8"": [0.857, 0.4297, 0.391, 0.3539, 0.3104, 0.2751], ""v9"": [0.8924, 0.7741, 0.4813], ""v10"": [0.7813, 0.7404, 0.7196], ""v11"": [0.8141, 0.6771, 0.4708], ""v12"": [0.7679, 0.5965, 0.4374], ""v13"": [0.6673, 0.3551, 0.2048]}"
5,"Ser(Ser(Par(Par(v0,Par(v1,Par(v2,v3))),Par(Ser(v4,v5),Ser(v6,Ser(v7,v8)))),v9),Ser(Par(v10,Ser(v11,v12)),Ser(v13,v14)))",15,39,6,random,0.9,0,both,0.004393,94.798450,ok,1665914,"{""v0"": 0.217248, ""v1"": 0.125307, ""v2"": 0.039258, ""v3"": 0.03489, ""v4"": 0.155324, ""v5"": 0.018746, ""v6"": 0.008193, ""v7"": 0.086872, ""v8"": 0.01763, ""v9"": 0.017193, ""v10"": 0.096936, ""v11"": 0.070463, ""v12"": 0.010075, ""v13"": 0.025187, ""v14"": 0.076678}","{""v0"": [0.7838, 0.764, 0.6612], ""v1"": [0.8258, 0.6729, 0.6003, 0.402], ""v2"": [0.6297], ""v3"": [0.8304, 0.8087, 0.614], ""v4"": [0.5933, 0.5469, 0.2919], ""v5"": [0.5335, 0.5273, 0.349], ""v6"": [0.7794, 0.7404, 0.49], ""v7"": [0.8559, 0.7903], ""v8"": [0.2457], ""v9"": [0.4254], ""v10"": [0.7185, 0.4682], ""v11"": [0.3856, 0.201], ""v12"": [0.8247, 0.7935, 0.4357], ""v13"": [0.7475, 0.7296, 0.6901, 0.2427], ""v14"": [0.8438, 0.7453, 0.3873, 0.2249]}"
6,"Ser(Ser(Par(v0,v1),Par(Par(Par(v2,v3),Ser(v4,Ser(v5,v6))),v7)),Par(Par(v8,Ser(Par(Ser(v9,v10),v11),v12)),v13))",14,46,6,random,0.9,0,both,0.006400,-1,statecap,,"{""v0"": 0.083393, ""v1"": 0.061444, ""v2"": 0.028261, ""v3"": 0.063506, ""v4"": 0.185787, ""v5"": 0.212288, ""v6"": 0.080279, ""v7"": 0.04256, ""v8"": 0.121536, ""v9"": 0.094986, ""v10"": 0.001908, ""v11"": 0.006682, ""v12"": 0.002398, ""v13"": 0.014972}","{""v0"": [0.3558], ""v1"": [0.6856, 0.6332, 0.5425, 0.3321, 0.3032], ""v2"": [0.6019, 0.2063], ""v3"": [0.6422, 0.4965, 0.2246], ""v4"": [0.8794, 0.7789, 0.707, 0.6031, 0.2376], ""v5"": [0.8591, 0.2669], ""v6"": [0.7062, 0.2997, 0.2378], ""v7"": [0.6668, 0.4529, 0.4182], ""v8"": [0.7072, 0.604, 0.4738], ""v9"": [0.8793, 0.398], ""v10"": [0.7897, 0.6615, 0.4688, 0.4505], ""v11"": [0.8856, 0.6463, 0.5954, 0.4228], ""v12"": [0.6968, 0.6922, 0.4947, 0.4173, 0.2749, 0.2208], ""v13"": [0.8278, 0.5763, 0.3307]}"
7,"Ser(Par(Par(v0,v1),Par(v2,v3)),Ser(v4,Par(Ser(Par(v5,v6),Par(Ser(Ser(v7,v8),v9),v10)),v11)))",12,31,7,random,0.9,0,both,0.003716,10.811784,ok,105987,"{""v0"": 0.151322, ""v1"": 0.001357, ""v2"": 0.164282, ""v3"": 0.019065, ""v4"": 0.182996, ""v5"": 0.12598, ""v6"": 0.05323, ""v7"": 0.067389, ""v8"": 0.085253, ""v9"": 0.038784, ""v10"": 0.009211, ""v11"": 0.101131}","{""v0"": [0.8255, 0.8114, 0.6165, 0.2507], ""v1"": [0.828], ""v2"": [0.6476, 0.4172, 0.3186], ""v3"": [0.3538], ""v4"": [0.5843, 0.5321, 0.5281, 0.3654, 0.3172], ""v5"": [0.8791, 0.4919], ""v6"": [0.3201, 0.2898], ""v7"": [0.6081, 0.526, 0.343], ""v8"": [0.8825, 0.2716], ""v9"": [0.8472, 0.6631], ""v10"": [0.7575, 0.439, 0.346, 0.2555], ""v11"": [0.7108, 0.5708]}"
8,"Ser(Par(v0,Ser(Ser(Par(v1,v2),v3),v4)),Par(Par(Ser(Par(v5,v6),v7),Ser(Ser(Par(v8,v9),v10),v11)),Par(v12,v13)))",14,49,6,random,0.9,0,both,0.005844,-1,statecap,,"{""v0"": 0.148903, ""v1"": 0.122903, ""v2"": 0.004614, ""v3"": 0.067444, ""v4"": 0.178851, ""v5"": 0.041252, ""v6"": 0.107263, ""v7"": 0.083212, ""v8"": 0.020387, ""v9"": 0.009771, ""v10"": 0.016504, ""v11"": 0.063873, ""v12"": 0.12299, ""v13"": 0.012033}","{""v0"": [0.4047], ""v1"": [0.8983, 0.8195, 0.8014], ""v2"": [0.6466, 0.5382, 0.4957, 0.2631], ""v3"": [0.7978, 0.5199, 0.3128], ""v4"": [0.7922, 0.7871, 0.4308], ""v5"": [0.8845, 0.7424, 0.6795, 0.2908], ""v6"": [0.8273, 0.5189], ""v7"": [0.6134, 0.4755, 0.2381], ""v8"": [0.831, 0.6635, 0.5904, 0.5396, 0.3748], ""v9"": [0.8196, 0.7617, 0.4373, 0.2355], ""v10"": [0.8523, 0.7663, 0.6926, 0.6076, 0.3917], ""v11"": [0.4623, 0.3556, 0.329], ""v12"": [0.8583, 0.7992, 0.6899, 0.5785, 0.5734], ""v13"": [0.66, 0.3053, 0.2822, 0.2689]}"
9,"Ser(Ser(Par(Ser(Ser(v0,v1),v2),v3),v4),Par(Ser(v5,v6),Par(v7,Par(v8,v9))))",10,23,5,random,0.9,0,both,0.002674,0.068253,ok,1263,"{""v0"": 0.278708, ""v1"": 0.104914, ""v2"": 0.083455, ""v3"": 0.104198, ""v4"": 0.188232, ""v5"": 0.018305, ""v6"": 0.020344, ""v7"": 0.106098, ""v8"": 0.09049, ""v9"": 0.005256}","{""v0"": [0.8946, 0.7875, 0.7104, 0.6043], ""v1"": [0.4752, 0.3103], ""v2"": [0.8903, 0.6973, 0.6158, 0.4407, 0.2822], ""v3"": [0.7802, 0.6282], ""v4"": [0.6818, 0.2652], ""v5"": [0.7936, 0.264], ""v6"": [0.529, 0.2623], ""v7"": [0.6354], ""v8"": [0.7058], ""v9"": [0.8805, 0.8445]}"
10,"Par(Par(v0,v1),Par(Par(v2,Par(Ser(Ser(Par(Par(v3,v4),v5),Par(v6,v7)),Ser(v8,v9)),v10)),v11))",12,38,8,random,0.9,0,both,0.002190,471.706337,ok,3425964,"{""v0"": 0.031455, ""v1"": 0.003915, ""v2"": 0.099017, ""v3"": 0.098622, ""v4"": 0.024664, ""v5"": 0.352024, ""v6"": 0.114734, ""v7"": 0.021641, ""v8"": 0.071887, ""v9"": 0.028451, ""v10"": 0.142138, ""v11"": 0.011452}","{""v0"": [0.7099, 0.3166], ""v1"": [0.8709, 0.7834, 0.7762, 0.6778, 0.4931], ""v2"": [0.8835], ""v3"": [0.8996, 0.6089, 0.4343], ""v4"": [0.4973, 0.4537, 0.251, 0.217], ""v5"": [0.8563, 0.5678, 0.4857, 0.44], ""v6"": [0.8217, 0.7696, 0.7338, 0.6249, 0.5569], ""v7"": [0.7813, 0.4899], ""v8"": [0.625, 0.5352, 0.4608, 0.3778], ""v9"": [0.8298, 0.6037], ""v10"": [0.886, 0.7836, 0.3245], ""v11"": [0.8853, 0.3743, 0.3376]}"
11,"Par(Ser(Ser(Ser(v0,v1),Par(v2,v3)),Par(Par(v4,Par(v5,v6)),v7)),Ser(v8,Par(v9,v10)))",11,36,5,random,0.9,0,both,0.002816,3.295717,ok,11332,"{""v0"": 0.075735, ""v1"": 0.168358, ""v2"": 0.012256, ""v3"": 0.006838, ""v4"": 0.058989, ""v5"": 0.261115, ""v6"": 0.143374, ""v7"": 0.015322, ""v8"": 0.086795, ""v9"": 0.084158, ""v10"": 0.08706}","{""v0"": [0.7921, 0.664, 0.4511, 0.4389, 0.3262], ""v1"": [0.6647, 0.439, 0.2111], ""v2"": [0.8878, 0.8748, 0.7224, 0.5444], ""v3"": [0.8736, 0.6886, 0.4525, 0.4128, 0.3698], ""v4"": [0.3819], ""v5"": [0.8186, 0.6976], ""v6"": [0.7946, 0.4337, 0.2842], ""v7"": [0.4264], ""v8"": [0.8984, 0.8907, 0.8645, 0.8268, 0.7315, 0.6297, 0.5566], ""v9"": [0.607, 0.4723], ""v10"": [0.7966, 0.6461, 0.2196]}"
12,"Ser(v0,Ser(Par(Par(v1,Ser(Ser(v2,v3),v4)),Par(Ser(v5,v6),v7)),Ser(Par(Ser(Ser(v8,v9),v10),v11),Ser(v12,v13))))",14,45,6,random,0.9,0,both,0.007901,7.734028,ok,141989,"{""v0"": 0.115855, ""v1"": 0.175556, ""v2"": 0.051173, ""v3"": 0.024521, ""v4"": 0.042796, ""v5"": 0.091468, ""v6"": 0.004171, ""v7"": 0.016112, ""v8"": 0.031155, ""v9"": 0.070609, ""v10"": 0.283426, ""v11"": 0.029684, ""v12"": 0.02569, ""v13"": 0.037784}","{""v0"": [0.6775, 0.5804, 0.4207, 0.3746, 0.2149], ""v1"": [0.8151, 0.6532], ""v2"": [0.4035], ""v3"": [0.599, 0.4342, 0.4246], ""v4"": [0.74, 0.7081, 0.5568, 0.421], ""v5"": [0.3757, 0.2963], ""v6"": [0.8098, 0.7197, 0.4491, 0.2098], ""v7"": [0.7071, 0.4382], ""v8"": [0.7195], ""v9"": [0.8181, 0.725, 0.5715, 0.5588, 0.5328], ""v10"": [0.8502, 0.566, 0.4637, 0.4078], ""v11"": [0.7101, 0.6233, 0.5782], ""v12"": [0.6693, 0.641, 0.6339, 0.6245, 0.5877, 0.5274, 0.2888], ""v13"": [0.7181, 0.6948]}"
13,"Par(Par(v0,Par(v1,Ser(Par(Par(Ser(v2,v3),v4),Par(v5,v6)),v7))),Ser(v8,Par(Ser(v9,v10),v11)))",12,35,7,random,0.9,0,both,0.001325,167.027743,ok,1332810,"{""v0"": 0.001843, ""v1"": 0.049665, ""v2"": 0.123229, ""v3"": 0.109019, ""v4"": 0.029226, ""v5"": 0.009633, ""v6"": 0.19322, ""v7"": 0.063348, ""v8"": 0.106485, ""v9"": 0.173033, ""v10"": 0.019314, ""v11"": 0.121985}","{""v0"": [0.8453, 0.8293, 0.764, 0.2687], ""v1"": [0.595, 0.4527, 0.2926, 0.2788], ""v2"": [0.7381, 0.7168, 0.6727], ""v3"": [0.8297, 0.7677, 0.4411], ""v4"": [0.511, 0.2819, 0.213], ""v5"": [0.666, 0.4769, 0.4421, 0.404], ""v6"": [0.8491, 0.7424, 0.5631], ""v7"": [0.5162, 0.2623], ""v8"": [0.4595, 0.4363], ""v9"": [0.8944, 0.5604, 0.4183], ""v10"": [0.447, 0.4049], ""v11"": [0.8552, 0.2753]}"
14,"Ser(Par(v0,Ser(Ser(Par(v1,v2),v3),Ser(v4,v5))),Ser(Ser(Par(Par(Par(v6,v7),Par(v8,v9)),v10),Ser(v11,v12)),v13))",14,34,6,random,0.9,0,both,0.003984,32.006257,ok,576703,"{""v0"": 0.183205, ""v1"": 0.077272, ""v2"": 0.019514, ""v3"": 0.087918, ""v4"": 0.068051, ""v5"": 0.115458, ""v6"": 0.092701, ""v7"": 0.06412, ""v8"": 0.024393, ""v9"": 0.012109, ""v10"": 0.007476, ""v11"": 0.078287, ""v12"": 0.164333, ""v13"": 0.005163}","{""v0"": [0.4495, 0.2797], ""v1"": [0.7518, 0.6626, 0.3119, 0.2478], ""v2"": [0.3061, 0.2549], ""v3"": [0.5961, 0.2122], ""v4"": [0.3055], ""v5"": [0.4144, 0.3099], ""v6"": [0.879, 0.2974], ""v7"": [0.482, 0.4581, 0.4124], ""v8"": [0.8584, 0.8025, 0.7478, 0.4437], ""v9"": [0.3906], ""v10"": [0.8431, 0.772], ""v11"": [0.7627, 0.7437, 0.4948], ""v12"": [0.8397, 0.3917], ""v13"": [0.8426, 0.6868, 0.6299, 0.4376]}"
15,"Ser(v0,Ser(Par(v1,v2),Ser(Ser(v3,Par(Par(Par(v4,v5),Ser(v6,v7)),Par(v8,v9))),Par(Ser(v10,v11),Par(v12,v13)))))",14,45,7,random,0.9,0,both,0.006161,329.293097,ok,3663174,"{""v0"": 0.025079, ""v1"": 0.133831, ""v2"": 0.024122, ""v3"": 0.061343, ""v4"": 0.149315, ""v5"": 0.050817, ""v6"": 0.030055, ""v7"": 0.076171, ""v8"": 0.106202, ""v9"": 0.005461, ""v10"": 0.181519, ""v11"": 0.083048, ""v12"": 0.070049, ""v13"": 0.002988}","{""v0"": [0.7288, 0.4357], ""v1"": [0.7934, 0.411, 0.2483], ""v2"": [0.636, 0.4879, 0.4633, 0.4076], ""v3"": [0.8219, 0.8193, 0.5079], ""v4"": [0.7934, 0.7487, 0.6832, 0.6359, 0.3067], ""v5"": [0.6521, 0.6335, 0.5214, 0.4411, 0.315], ""v6"": [0.8621, 0.5252, 0.3879], ""v7"": [0.6219, 0.5571, 0.3996], ""v8"": [0.8644, 0.5705], ""v9"": [0.6327, 0.5268, 0.5185, 0.206], ""v10"": [0.8718, 0.8236, 0.7363], ""v11"": [0.8403, 0.6708, 0.364], ""v12"": [0.4006, 0.2418], ""v13"": [0.7603, 0.5556, 0.4956]}"
16,"Ser(Par(Par(Ser(v0,v1),Par(v2,v3)),Ser(v4,v5)),Par(v6,Ser(Ser(v7,v8),v9)))",10,27,4,random,0.9,0,both,0.002576,3.371451,ok,22778,"{""v0"": 0.042033, ""v1"": 0.204604, ""v2"": 0.000855, ""v3"": 0.122872, ""v4"": 0.001332, ""v5"": 0.16455, ""v6"": 0.035626, ""v7"": 0.000302, ""v8"": 0.14755, ""v9"": 0.280276}","{""v0"": [0.5829, 0.2736, 0.2144, 0.2049], ""v1"": [0.8395, 0.806], ""v2"": [0.891, 0.7099, 0.5779, 0.5526, 0.5285, 0.4126], ""v3"": [0.2868], ""v4"": [0.2169], ""v5"": [0.7569, 0.4282], ""v6"": [0.6489, 0.4498, 0.317], ""v7"": [0.3619, 0.2813], ""v8"": [0.7965, 0.7289, 0.2518], ""v9"": [0.7782, 0.6265, 0.3306]}"
17,"Par(Ser(Par(Par(v0,v1),Par(v2,v3)),v4),Ser(Par(Ser(v5,Ser(v6,Par(v7,v8))),v9),Ser(v10,v11)))",12,37,6,random,0.9,0,both,0.001842,48.030646,ok,640211,"{""v0"": 0.120891, ""v1"": 0.049312, ""v2"": 0.123092, ""v3"": 0.07224, ""v4"": 0.226164, ""v5"": 0.006132, ""v6"": 0.034612, ""v7"": 0.156087, ""v8"": 0.100596, ""v9"": 0.002055, ""v10"": 0.038823, ""v11"": 0.069996}","{""v0"": [0.7668, 0.3025], ""v1"": [0.7739, 0.5924], ""v2"": [0.8496, 0.7808, 0.7659, 0.6757, 0.6608, 0.6239, 0.6143, 0.5942, 0.5874, 0.4126], ""v3"": [0.7782, 0.6877, 0.6232, 0.2234], ""v4"": [0.8621, 0.3077], ""v5"": [0.708, 0.3735, 0.2846], ""v6"": [0.8025, 0.7464], ""v7"": [0.8211, 0.3706], ""v8"": [0.8646, 0.3776, 0.2], ""v9"": [0.7778, 0.5076, 0.2529], ""v10"": [0.671, 0.3909], ""v11"": [0.8527, 0.3647]}"
18,"Par(Par(v0,Par(Par(Ser(v1,Par(v2,Ser(v3,v4))),Par(v5,v6)),v7)),Par(v8,v9))",10,20,7,random,0.9,0,both,0.000661,1.626511,ok,12957,"{""v0"": 0.010092, ""v1"": 0.201818, ""v2"": 0.06341, ""v3"": 0.127078, ""v4"": 0.055475, ""v5"": 0.11266, ""v6"": 0.096913, ""v7"": 0.049594, ""v8"": 0.083122, ""v9"": 0.199838}","{""v0"": [0.7412, 0.3244], ""v1"": [0.8514], ""v2"": [0.6373, 0.457], ""v3"": [0.3595], ""v4"": [0.4432, 0.3056, 0.2532], ""v5"": [0.5259, 0.3822], ""v6"": [0.8492, 0.8463], ""v7"": [0.8274], ""v8"": [0.8012, 0.7393, 0.7159, 0.2598, 0.2496], ""v9"": [0.8033]}"
19,"Ser(Ser(Par(v0,Ser(v1,v2)),Par(v3,v4)),Ser(Par(Ser(v5,v6),Par(v7,v8)),v9))",10,32,4,random,0.9,0,both,0.003210,1.231592,ok,26516,"{""v0"": 0.087463, ""v1"": 0.044337, ""v2"": 0.332756, ""v3"": 0.076547, ""v4"": 0.11379, ""v5"": 0.084065, ""v6"": 0.022678, ""v7"": 0.14385, ""v8"": 0.026995, ""v9"": 0.067519}","{""v0"": [0.8974, 0.7898, 0.7744, 0.5843, 0.4265], ""v1"": [0.7603, 0.6911, 0.4659, 0.3789, 0.3228, 0.2171], ""v2"": [0.7075, 0.598, 0.2935], ""v3"": [0.607], ""v4"": [0.7248, 0.64, 0.5923, 0.3206], ""v5"": [0.899, 0.7159], ""v6"": [0.8419, 0.5192, 0.4768], ""v7"": [0.6078, 0.2498, 0.2297, 0.228], ""v8"": [0.6683, 0.4849, 0.35], ""v9"": [0.245]}"
20,"Par(Par(Ser(v0,v1),Ser(Par(Par(v2,Ser(v3,v4)),Ser(v5,v6)),Par(v7,v8))),v9)",10,24,6,random,0.9,0,both,0.001139,2.052774,ok,29738,"{""v0"": 0.141381, ""v1"": 0.217199, ""v2"": 0.024045, ""v3"": 0.071383, ""v4"": 0.002539, ""v5"": 0.094108, ""v6"": 0.171601, ""v7"": 0.216268, ""v8"": 0.052541, ""v9"": 0.008935}","{""v0"": [0.7528, 0.5413], ""v1"": [0.8791, 0.7666, 0.4154], ""v2"": [0.7245, 0.4178], ""v3"": [0.4815, 0.2489], ""v4"": [0.2274], ""v5"": [0.7433, 0.717, 0.5389, 0.4876], ""v6"": [0.8864, 0.3789], ""v7"": [0.4909, 0.425], ""v8"": [0.884, 0.5819, 0.5494], ""v9"": [0.7791, 0.5466, 0.4818]}"
21,"Par(Ser(v0,Ser(v1,Ser(Ser(v2,v3),v4))),Par(Ser(v5,Par(v6,Ser(v7,v8))),Par(v9,v10)))",11,25,5,random,0.9,0,both,0.001251,0.242214,ok,3209,"{""v0"": 0.031265, ""v1"": 0.212752, ""v2"": 0.084285, ""v3"": 0.310499, ""v4"": 0.011953, ""v5"": 0.04228, ""v6"": 0.037982, ""v7"": 0.086423, ""v8"": 0.097377, ""v9"": 0.061125, ""v10"": 0.024059}","{""v0"": [0.37], ""v1"": [0.8392, 0.4535], ""v2"": [0.4405, 0.4209], ""v3"": [0.4129], ""v4"": [0.7259, 0.5107], ""v5"": [0.794, 0.7647, 0.7598, 0.742, 0.6268, 0.3508], ""v6"": [0.8466, 0.6046, 0.3172], ""v7"": [0.8398, 0.2657], ""v8"": [0.7783, 0.4858], ""v9"": [0.6163], ""v10"": [0.8341, 0.8257, 0.7621]}"
22,"Ser(Par(Par(v0,v1),Ser(v2,Ser(v3,Par(Ser(Par(v4,v5),v6),Par(v7,v8))))),Ser(Par(Ser(v9,v10),v11),v12))",13,42,7,random,0.9,0,both,0.005131,45.786657,ok,864594,"{""v0"": 0.119234, ""v1"": 0.37711, ""v2"": 0.038626, ""v3"": 0.001477, ""v4"": 0.065016, ""v5"": 0.001847, ""v6"": 0.015326, ""v7"": 0.012977, ""v8"": 0.105947, ""v9"": 0.001971, ""v10"": 0.1098, ""v11"": 0.01122, ""v12"": 0.139449}","{""v0"": [0.8259, 0.6183], ""v1"": [0.8831, 0.6988, 0.5934], ""v2"": [0.875, 0.7828, 0.5328, 0.3141, 0.2439], ""v3"": [0.7722, 0.7717], ""v4"": [0.4737, 0.3867, 0.2315], ""v5"": [0.8065], ""v6"": [0.8378, 0.7403, 0.6757, 0.4455, 0.2441], ""v7"": [0.8314], ""v8"": [0.8623, 0.7888, 0.7244, 0.4523, 0.3612], ""v9"": [0.5496, 0.4327, 0.4036], ""v10"": [0.7259, 0.5487, 0.5142, 0.5075], ""v11"": [0.8825, 0.6109, 0.5554, 0.3822, 0.3059], ""v12"": [0.8921, 0.8098, 0.2844]}"
23,"Ser(Ser(Par(Ser(v0,v1),Ser(v2,v3)),Ser(v4,Ser(v5,Ser(Par(v6,Ser(v7,v8)),v9)))),Par(Par(v10,v11),Par(v12,v13)))",14,37,7,random,0.9,0,both,0.013622,3.691897,ok,28954,"{""v0"": 0.123534, ""v1"": 0.029551, ""v2"": 0.151923, ""v3"": 0.143529, ""v4"": 0.115495, ""v5"": 0.017607, ""v6"": 0.037591, ""v7"": 0.104892, ""v8"": 0.011421, ""v9"": 0.009652, ""v10"": 0.022252, ""v11"": 0.00217, ""v12"": 0.129668, ""v13"": 0.100715}","{""v0"": [0.6354], ""v1"": [0.4466, 0.2885, 0.2001], ""v2"": [0.4577, 0.2825, 0.2153], ""v3"": [0.5114, 0.3718, 0.3402], ""v4"": [0.5089, 0.3549], ""v5"": [0.6973, 0.2692], ""v6"": [0.6857, 0.4636, 0.3222, 0.298], ""v7"": [0.8961, 0.758, 0.707], ""v8"": [0.6015, 0.3396], ""v9"": [0.5451, 0.3199], ""v10"": [0.6497], ""v11"": [0.7589, 0.464, 0.3802], ""v12"": [0.8146, 0.7765, 0.6974, 0.6564, 0.6517, 0.4195], ""v13"": [0.718, 0.5309]}"
24,"Ser(Ser(Par(Par(v0,v1),Par(v2,v3)),Ser(Ser(v4,v5),Par(v6,v7))),Par(v8,Par(v9,v10)))",11,36,4,random,0.9,0,both,0.003792,6.145760,ok,123175,"{""v0"": 0.033651, ""v1"": 0.011421, ""v2"": 0.067935, ""v3"": 0.154553, ""v4"": 0.086811, ""v5"": 0.142175, ""v6"": 0.21031, ""v7"": 0.018232, ""v8"": 0.050379, ""v9"": 0.028756, ""v10"": 0.195777}","{""v0"": [0.6854, 0.6748, 0.6405, 0.6041, 0.4916, 0.4663, 0.3184], ""v1"": [0.7296], ""v2"": [0.7139, 0.5489], ""v3"": [0.8703, 0.8295, 0.5988, 0.567, 0.4137, 0.3322], ""v4"": [0.3581], ""v5"": [0.7672, 0.6935, 0.6604, 0.5477, 0.4121], ""v6"": [0.8482, 0.4825], ""v7"": [0.8865, 0.8107, 0.7316, 0.6743], ""v8"": [0.8823, 0.746, 0.7126, 0.3134], ""v9"": [0.3516], ""v10"": [0.8525, 0.6205, 0.4011]}"
25,"Par(Par(Ser(v0,Par(v1,v2)),Ser(Par(v3,Par(v4,Par(v5,v6))),Ser(Par(Par(v7,v8),Par(Ser(v9,Ser(v10,v11)),Par(v12,Par(v13,Par(v14,Ser(v15,v16)))))),Ser(Ser(v17,Ser(Ser(v18,v19),Par(v20,Par(v21,Ser(v22,Ser(Ser(v23,Par(v24,Par(v25,v26))),v27)))))),Ser(v28,v29))))),v30)",31,129,14,random,0.9,0,both,0.034099,-1,timeout,,"{""v0"": 0.01588, ""v1"": 0.020664, ""v2"": 0.012111, ""v3"": 0.000978, ""v4"": 0.038075, ""v5"": 0.008132, ""v6"": 0.024389, ""v7"": 0.070391, ""v8"": 0.0065, ""v9"": 0.036598, ""v10"": 0.127, ""v11"": 0.010194, ""v12"": 0.050428, ""v13"": 0.030567, ""v14"": 0.084748, ""v15"": 0.039337, ""v16"": 0.036862, ""v17"": 0.000938, ""v18"": 0.009156, ""v19"": 0.031381, ""v20"": 0.021674, ""v21"": 0.007119, ""v22"": 0.01681, ""v23"": 0.026621, ""v24"": 0.090601, ""v25"": 0.048622, ""v26"": 0.020823, ""v27"": 0.023722, ""v28"": 0.074677, ""v29"": 0.012924, ""v30"": 0.002078}","{""v0"": [0.3176, 0.2723], ""v1"": [0.7959, 0.7379, 0.5348, 0.329], ""v2"": [0.7604, 0.312, 0.2942, 0.2432, 0.2218], ""v3"": [0.8799, 0.6173, 0.4854, 0.4671], ""v4"": [0.735, 0.5263], ""v5"": [0.4271, 0.3898, 0.3102], ""v6"": [0.8811, 0.7038, 0.5066, 0.5037, 0.2633], ""v7"": [0.8, 0.6444, 0.5781, 0.4095, 0.2916], ""v8"": [0.8331, 0.8044, 0.804, 0.5448, 0.4594], ""v9"": [0.8702, 0.5264, 0.5087, 0.4999, 0.4349, 0.3571], ""v10"": [0.8929, 0.8401, 0.8183, 0.6026], ""v11"": [0.742, 0.6841, 0.6183, 0.2177, 0.2033], ""v12"": [0.8951, 0.6712, 0.6535, 0.4937, 0.3624], ""v13"": [0.8138, 0.7804, 0.7785, 0.5749, 0.5743, 0.3142], ""v14"": [0.8321, 0.8116, 0.4927, 0.4461, 0.3624, 0.2198], ""v15"": [0.8772, 0.6762, 0.441, 0.3345], ""v16"": [0.7613, 0.7277, 0.5708, 0.529], ""v17"": [0.6627, 0.6411, 0.5058, 0.3415, 0.3301], ""v18"": [0.7951, 0.5925, 0.4169, 0.2356], ""v19"": [0.8947, 0.7823, 0.7415, 0.5162], ""v20"": [0.8916, 0.8362, 0.7439, 0.6837], ""v21"": [0.8765, 0.8466, 0.4059, 0.2347], ""v22"": [0.3421, 0.3355], ""v23"": [0.8798, 0.8582, 0.5552, 0.5362, 0.3952], ""v24"": [0.5989, 0.5885, 0.2339], ""v25"": [0.7615, 0.4781], ""v26"": [0.6012, 0.2678, 0.2474], ""v27"": [0.4964, 0.3498, 0.3196], ""v28"": [0.7919, 0.7416, 0.6656, 0.6271, 0.5054, 0.405, 0.388, 0.2042], ""v29"": [0.8585, 0.2199, 0.2164], ""v30"": [0.7375, 0.4461, 0.3661, 0.2705]}"
26,"Par(Ser(Par(Ser(v0,Par(Ser(v1,v2),Par(v3,v4))),Ser(v5,v6)),v7),Par(Ser(v8,v9),Par(Ser(v10,v11),Par(Ser(Ser(v12,Par(v13,Par(v14,v15))),Ser(Ser(v16,Ser(v17,v18)),Ser(Ser(Par(Par(v19,v20),v21),Ser(Ser(v22,Ser(v23,Par(v24,Par(v25,Ser(v26,v27))))),Par(v28,Ser(Par(v29,v30),Par(v31,Par(v32,v33)))))),Ser(v34,Ser(v35,v36))))),Par(Ser(v37,v38),Ser(v39,v40))))))",41,111,14,random,0.9,0,both,0.021263,-1,timeout,,"{""v0"": 0.007717, ""v1"": 0.01262, ""v2"": 0.012949, ""v3"": 0.06055, ""v4"": 0.013125, ""v5"": 0.005649, ""v6"": 0.003038, ""v7"": 0.009782, ""v8"": 0.034331, ""v9"": 0.10751, ""v10"": 0.056267, ""v11"": 0.011019, ""v12"": 0.012045, ""v13"": 0.031056, ""v14"": 0.001102, ""v15"": 0.007989, ""v16"": 0.001486, ""v17"": 0.00677, ""v18"": 0.058048, ""v19"": 0.011669, ""v20"": 0.021128, ""v21"": 0.009062, ""v22"": 0.002614, ""v23"": 0.019613, ""v24"": 0.085693, ""v25"": 0.01207, ""v26"": 0.078155, ""v27"": 0.017753, ""v28"": 0.00311, ""v29"": 0.012972, ""v30"": 0.052085, ""v31"": 0.053297, ""v32"": 0.01578, ""v33"": 0.004265, ""v34"": 0.006433, ""v35"": 0.020103, ""v36"": 0.022932, ""v37"": 0.005638, ""v38"": 0.060848, ""v39"": 0.013771, ""v40"": 0.017956}","{""v0"": [0.4313], ""v1"": [0.56, 0.5396, 0.5126], ""v2"": [0.6058, 0.3511], ""v3"": [0.4559, 0.4247, 0.3256], ""v4"": [0.7146, 0.4459], ""v5"": [0.3479], ""v6"": [0.554], ""v7"": [0.8124, 0.7121, 0.5349, 0.4664, 0.4327], ""v8"": [0.8871, 0.7939, 0.7327], ""v9"": [0.4366, 0.2117], ""v10"": [0.7631, 0.6521, 0.5792, 0.4361, 0.367], ""v11"": [0.8787, 0.8214, 0.6746, 0.328], ""v12"": [0.787, 0.5694, 0.2992], ""v13"": [0.6278, 0.6201, 0.3038], ""v14"": [0.6605, 0.6435], ""v15"": [0.8734, 0.5866, 0.5706, 0.5626, 0.3672, 0.2442], ""v16"": [0.8446, 0.7665, 0.4643, 0.3926, 0.2701], ""v17"": [0.8965, 0.561, 0.5029], ""v18"": [0.8575, 0.8228, 0.679, 0.2938, 0.2447], ""v19"": [0.5645, 0.4529, 0.381], ""v20"": [0.6234, 0.3358, 0.2266], ""v21"": [0.7552, 0.5857], ""v22"": [0.8227, 0.4065, 0.3844, 0.3409], ""v23"": [0.3026], ""v24"": [0.5935, 0.5625, 0.3678, 0.2602], ""v25"": [0.6395], ""v26"": [0.8814, 0.7874, 0.7814, 0.6343, 0.5447, 0.2452], ""v27"": [0.5613, 0.4244, 0.3393], ""v28"": [0.8299, 0.7739, 0.6449, 0.3187, 0.3057], ""v29"": [0.6277, 0.453, 0.4211], ""v30"": [0.5647, 0.2482], ""v31"": [0.764], ""v32"": [0.6667, 0.2663], ""v33"": [0.3718, 0.2863], ""v34"": [0.3977], ""v35"": [0.5451], ""v36"": [0.6428], ""v37"": [0.8862], ""v38"": [0.8536], ""v39"": [0.6497, 0.4805, 0.3144], ""v40"": [0.8386, 0.4576]}"
39,"Ser(Ser(v0,v1),Par(Ser(v2,v3),Ser(Ser(Ser(v4,Ser(v5,v6)),Par(v7,Par(v8,v9))),Par(v10,Ser(v11,v12)))))",13,42,6,random,0.9,0,both,0.005518,1.730755,ok,20736,"{""v0"": 0.001083, ""v1"": 0.026857, ""v2"": 0.007672, ""v3"": 0.046337, ""v4"": 0.010159, ""v5"": 0.030374, ""v6"": 0.002476, ""v7"": 0.092105, ""v8"": 0.204172, ""v9"": 0.010827, ""v10"": 0.104173, ""v11"": 0.235138, ""v12"": 0.228627}","{""v0"": [0.8133, 0.2836], ""v1"": [0.6699, 0.4548], ""v2"": [0.7303, 0.5712, 0.4433, 0.3109, 0.246], ""v3"": [0.2153], ""v4"": [0.8913, 0.8261, 0.3933], ""v5"": [0.7162, 0.6396, 0.2341], ""v6"": [0.8053, 0.7021, 0.3932, 0.2982, 0.2255], ""v7"": [0.786, 0.6775, 0.5141, 0.4939, 0.3717], ""v8"": [0.7515, 0.6246], ""v9"": [0.7765, 0.6547, 0.3282, 0.3197], ""v10"": [0.724, 0.6914, 0.4947, 0.4305], ""v11"": [0.7834, 0.5931, 0.5859], ""v12"": [0.8803, 0.7218, 0.4206]}"
40,"Par(Par(Ser(Ser(Ser(Par(v0,v1),Ser(v2,Ser(v3,v4))),Ser(Ser(Ser(v5,v6),v7),v8)),v9),Ser(Par(v10,v11),v12)),v13)",14,45,7,random,0.9,0,both,0.004559,3.651440,ok,40783,"{""v0"": 0.18703, ""v1"": 0.157835, ""v2"": 0.145326, ""v3"": 0.019322, ""v4"": 0.006042, ""v5"": 0.101153, ""v6"": 0.053646, ""v7"": 0.026851, ""v8"": 0.104231, ""v9"": 0.003148, ""v10"": 0.029025, ""v11"": 0.046295, ""v12"": 0.074544, ""v13"": 0.045552}","{""v0"": [0.8773, 0.7905], ""v1"": [0.8596, 0.2973], ""v2"": [0.8139, 0.5786, 0.4897], ""v3"": [0.7035, 0.6116, 0.4862, 0.4401], ""v4"": [0.8489, 0.5648, 0.2051], ""v5"": [0.8169, 0.8149, 0.5605], ""v6"": [0.8312, 0.7764], ""v7"": [0.4879, 0.3485, 0.3069, 0.2198], ""v8"": [0.8757, 0.7677, 0.63, 0.5569, 0.3052], ""v9"": [0.81, 0.764, 0.4852, 0.3273], ""v10"": [0.7824, 0.395, 0.3106], ""v11"": [0.5256, 0.5119], ""v12"": [0.8628, 0.8394, 0.8084, 0.6873, 0.5566, 0.3571], ""v13"": [0.7301, 0.3522]}"
41,"Ser(Par(v0,Ser(v1,v2)),Par(v3,Ser(v4,Ser(Par(Ser(Par(v5,Par(v6,v7)),v8),v9),Ser(v10,v11)))))",12,30,8,random,0.9,0,both,0.003368,4.951439,ok,85042,"{""v0"": 0.240847, ""v1"": 0.204681, ""v2"": 0.084983, ""v3"": 0.095234, ""v4"": 0.027267, ""v5"": 0.008513, ""v6"": 0.071568, ""v7"": 0.07852, ""v8"": 0.065152, ""v9"": 0.025045, ""v10"": 0.097902, ""v11"": 0.000288}","{""v0"": [0.4542, 0.4129, 0.3426], ""v1"": [0.6907, 0.5648], ""v2"": [0.3341, 0.2094], ""v3"": [0.8986, 0.7559, 0.7119, 0.6613, 0.523], ""v4"": [0.883, 0.7621, 0.6987], ""v5"": [0.882], ""v6"": [0.5504, 0.5331, 0.4214], ""v7"": [0.721, 0.659, 0.6229], ""v8"": [0.6706], ""v9"": [0.2423], ""v10"": [0.794, 0.662, 0.4513], ""v11"": [0.6446, 0.4605, 0.2426]}"
42,"Par(Ser(v0,v1),Ser(Par(Ser(Ser(v2,Par(v3,v4)),Par(Par(v5,v6),Ser(v7,Ser(v8,v9)))),Ser(v10,v11)),Ser(v12,v13)))",14,36,7,random,0.9,0,both,0.002716,13.789105,ok,209548,"{""v0"": 0.023117, ""v1"": 0.083081, ""v2"": 0.061252, ""v3"": 0.007661, ""v4"": 0.073596, ""v5"": 0.040146, ""v6"": 0.202114, ""v7"": 0.056581, ""v8"": 0.141326, ""v9"": 0.043786, ""v10"": 0.037883, ""v11"": 0.07587, ""v12"": 0.057648, ""v13"": 0.095939}","{""v0"": [0.5427, 0.3547, 0.2402], ""v1"": [0.4621, 0.328, 0.2196], ""v2"": [0.7711, 0.741, 0.3219], ""v3"": [0.7339, 0.7292, 0.7107], ""v4"": [0.685, 0.6239, 0.3554, 0.2452], ""v5"": [0.4693], ""v6"": [0.23], ""v7"": [0.5557], ""v8"": [0.7799], ""v9"": [0.7242, 0.6136, 0.2795], ""v10"": [0.6666, 0.6609, 0.5988, 0.4196], ""v11"": [0.8629, 0.7454, 0.4188, 0.2109], ""v12"": [0.3915, 0.2227], ""v13"": [0.7839, 0.7236, 0.431]}"
43,"Par(v0,Ser(Par(Par(Ser(Ser(v1,v2),v3),Par(Ser(v4,v5),Ser(v6,v7))),Ser(Ser(v8,Par(v9,v10)),v11)),Par(Ser(v12,v13),v14)))",15,45,6,random,0.9,0,both,0.003994,176.911144,ok,1987932,"{""v0"": 0.013287, ""v1"": 0.001928, ""v2"": 0.157268, ""v3"": 0.050218, ""v4"": 0.111921, ""v5"": 0.105975, ""v6"": 0.066075, ""v7"": 0.122456, ""v8"": 0.046449, ""v9"": 0.01727, ""v10"": 0.008679, ""v11"": 0.132362, ""v12"": 0.008087, ""v13"": 0.084368, ""v14"": 0.073657}","{""v0"": [0.7974, 0.7425], ""v1"": [0.7909, 0.7533, 0.5966], ""v2"": [0.7942, 0.7705], ""v3"": [0.8794, 0.7247, 0.2572], ""v4"": [0.8504, 0.85, 0.3779], ""v5"": [0.7689, 0.7431], ""v6"": [0.8719, 0.6069, 0.5789, 0.5589, 0.3697, 0.2939, 0.2367], ""v7"": [0.8831, 0.6995, 0.4673, 0.358, 0.3141], ""v8"": [0.6832, 0.5942], ""v9"": [0.6825, 0.6138], ""v10"": [0.3935, 0.2331], ""v11"": [0.282], ""v12"": [0.6827, 0.3823, 0.3558], ""v13"": [0.8221, 0.4459, 0.4265, 0.31], ""v14"": [0.7107, 0.375, 0.3079, 0.2635]}"
